sex,sex_orientation,race,edu,coverage,citizen,income_sqrt,cluster,X,Y
Female,Straight,American Indian and Alaska Native,"Some college, no degree",Covered,US Citizen,109.71326264403953,1,2.647288401633808,-27.862292798470826
Female,Straight,American Indian and Alaska Native,Less than a high school diploma,Covered,US Citizen,264.5751311064591,1,0.871377093278528,-25.817585876222932
Female,Straight,American Indian and Alaska Native,Bachelor's degree,Covered,US Citizen,401.31284554571636,2,-4.043428205666932,-24.73509448532961
Male,Straight,American Indian and Alaska Native,Less than a high school diploma,Covered,US Citizen,95.56149852320232,3,-12.858969880507113,3.174818056147322
Male,Straight,American Indian and Alaska Native,High school graduate,Covered,US Citizen,142.828568570857,1,-17.030922685748976,0.7618257863420919
Female,Straight,American Indian and Alaska Native,Associate degree,Covered,US Citizen,273.8612787525831,1,-2.3511155924892733,-27.7495166794358
Female,Straight,American Indian and Alaska Native,High school graduate,Covered,US Citizen,120.41594578792295,1,4.562564909171577,-24.627000913949598
Male,Straight,American Indian and Alaska Native,High school graduate,Covered,US Citizen,240.8318915758459,4,-17.011220063614715,0.7309429061801468
Female,Straight,American Indian and Alaska Native,"Some college, no degree",Covered,US Citizen,151.65750888103102,1,2.7541514137602303,-28.6174631032281
Female,Straight,American Indian and Alaska Native,Associate degree,Covered,US Citizen,109.54451150103323,1,-1.7891161046200459,-27.848629036782533
Female,Straight,American Indian and Alaska Native,Doctoral degree,Covered,US Citizen,469.041575982343,1,-2.217034288922333,-25.56198278344905
Female,Straight,American Indian and Alaska Native,High school graduate,Covered,US Citizen,167.33200530681512,1,4.588616333717389,-24.43695481635337
Male,Straight,American Indian and Alaska Native,High school graduate,Covered,US Citizen,281.5155413116654,5,-17.018009524719304,0.7116133877561102
Female,Straight,American Indian and Alaska Native,Associate degree,Covered,US Citizen,316.22776601683796,1,-2.5216942066590065,-27.716109061307264
Male,Straight,American Indian and Alaska Native,Bachelor's degree,Covered,US Citizen,254.95097567963924,5,-15.106159987467558,-0.2280127914884129
Male,Straight,American Indian and Alaska Native,Bachelor's degree,Covered,US Citizen,148.32396974191326,5,-15.048063984645092,-0.16457642502410202
Male,Straight,American Indian and Alaska Native,Less than a high school diploma,Covered,US Citizen,168.37458240482735,3,-13.086824382444064,3.236178211417241
Female,Straight,American Indian and Alaska Native,Master's degree,Covered,US Citizen,447.21359549995793,1,-1.2572176108025042,-25.321952921368545
Female,Straight,American Indian and Alaska Native,Associate degree,Covered,US Citizen,148.32396974191326,1,-1.8944287551624919,-27.79287621412312
Male,Straight,American Indian and Alaska Native,Associate degree,Covered,US Citizen,300,5,-16.38135926366181,2.9608013379096447
Female,Straight,American Indian and Alaska Native,"Some college, no degree",Covered,US Citizen,271.78300167596944,1,2.149179859154894,-28.982803452220175
Female,Straight,American Indian and Alaska Native,GED or equivalent,Covered,US Citizen,103.92304845413264,1,2.954828146805814,-26.032604657956742
Female,Straight,American Indian and Alaska Native,High school graduate,Covered,US Citizen,204.93901531919198,6,4.559931311178896,-24.378604182784354
Male,Straight,American Indian and Alaska Native,"Some college, no degree",Covered,US Citizen,258.8435821108957,4,-13.740343274857114,1.0886111195873163
Female,Straight,American Indian and Alaska Native,"Some college, no degree",Covered,US Citizen,138.5640646055102,1,2.7838380355108976,-28.500176750573313
Male,Straight,American Indian and Alaska Native,Less than a high school diploma,Covered,US Citizen,197.71949827975996,3,-13.155341866455894,3.235866046700278
Male,Straight,American Indian and Alaska Native,Associate degree,Covered,US Citizen,77.45966692414834,1,-16.228983073947163,3.2865908062903344
Male,Bisexual,American Indian and Alaska Native,"Some college, no degree",Covered,US Citizen,236.64319132398464,4,-14.303555617894192,1.5499788735642248
Female,Straight,American Indian and Alaska Native,Master's degree,Covered,US Citizen,136.10290224679267,1,-0.7287129192287833,-25.724603940062053
Female,Straight,American Indian and Alaska Native,High school graduate,Covered,US Citizen,1,1,4.987116203107153,-24.67320334577201
Female,Straight,American Indian and Alaska Native,"Some college, no degree",Covered,US Citizen,141.4213562373095,1,2.7788061991575272,-28.538856354533586
Male,Straight,American Indian and Alaska Native,Associate degree,Covered,US Citizen,223.60679774997897,4,-16.277160546235738,3.0655627372902234
Female,Straight,American Indian and Alaska Native,Bachelor's degree,Covered,US Citizen,189.73665961010275,1,-3.974703128905368,-24.664215487468976
Female,Straight,American Indian and Alaska Native,"Some college, no degree",Covered,US Citizen,316.8737919109121,1,1.7235080629647996,-28.9665176183443
Female,Straight,American Indian and Alaska Native,Less than a high school diploma,Covered,US Citizen,134.16407864998737,1,1.017325454944614,-25.714732505363695
Female,Straight,American Indian and Alaska Native,High school graduate,Covered,US Citizen,83.66600265340756,1,4.7102826842414425,-24.67974921856802
Female,Straight,American Indian and Alaska Native,Bachelor's degree,Covered,US Citizen,424.26406871192853,2,-4.03161270945791,-24.753082484277787
Female,Straight,American Indian and Alaska Native,Associate degree,Covered,US Citizen,199.18584287042088,1,-2.100413649829224,-27.783819209672345
Female,Straight,American Indian and Alaska Native,Associate degree,Covered,US Citizen,300,1,-2.474943043077709,-27.72960649801543
Male,Straight,American Indian and Alaska Native,"Some college, no degree",Covered,US Citizen,118.32159566199232,1,-13.624550384216649,1.2140663452010294
Female,Straight,American Indian and Alaska Native,"Some college, no degree",Covered,US Citizen,282.842712474619,1,1.9611252652569877,-28.941770764673077
Female,Straight,American Indian and Alaska Native,Bachelor's degree,Covered,US Citizen,244.94897427831782,2,-4.0019537303165915,-24.659450090952998
Male,Straight,American Indian and Alaska Native,Associate degree,Covered,US Citizen,281.0693864511039,5,-16.364579370728624,2.9686252806489537
Male,Straight,American Indian and Alaska Native,High school graduate,Covered,US Citizen,219.08902300206645,4,-17.0237919356344,0.7451286696601734
Female,Straight,American Indian and Alaska Native,"Some college, no degree",Covered,US Citizen,178.88543819998318,1,2.073870071779495,-28.267912905578797
Female,Straight,American Indian and Alaska Native,Less than a high school diploma,Covered,US Citizen,94.86832980505137,1,1.0728113531992496,-25.695499567450952
Female,Straight,American Indian and Alaska Native,"Some college, no degree",Covered,US Citizen,109.54451150103323,1,2.609178181004262,-27.855320966934944
Male,Straight,American Indian and Alaska Native,Bachelor's degree,Covered,US Citizen,282.842712474619,5,-15.110764046824688,-0.2607574572883086
Female,Straight,American Indian and Alaska Native,High school graduate,Covered,US Citizen,166.6823325970692,1,4.584430705785304,-24.440777543682245
Female,Straight,American Indian and Alaska Native,High school graduate,Covered,US Citizen,130.38404810405297,1,4.546819854737943,-24.595069592175513
Female,Gay/Lesbian,American Indian and Alaska Native,Less than a high school diploma,Covered,US Citizen,114.89125293076057,1,1.18946736347355,-25.21081967591923
Female,Straight,American Indian and Alaska Native,High school graduate,Covered,US Citizen,104.88088481701516,1,4.585177932115379,-24.68356797018302
Male,Straight,American Indian and Alaska Native,GED or equivalent,Covered,US Citizen,187.08286933869707,3,-14.630735788384259,3.787692188819984
Male,Straight,American Indian and Alaska Native,"Some college, no degree",Covered,US Citizen,469.041575982343,4,-13.515380802417813,0.8083581776079254
Female,Straight,American Indian and Alaska Native,"Some college, no degree",Covered,US Citizen,134.16407864998737,1,2.2137277609737644,-27.933425545827852
Male,Straight,American Indian and Alaska Native,Less than a high school diploma,Covered,US Citizen,109.54451150103323,3,-12.873403694911193,3.1510295640299884
Female,Straight,American Indian and Alaska Native,GED or equivalent,Covered,US Citizen,99.9799979995999,1,2.9582978893460354,-26.03152557237502
Female,Straight,American Indian and Alaska Native,"Some college, no degree",Covered,US Citizen,194.93588689617928,1,2.0066248449906037,-28.349044946732896
Male,Bisexual,American Indian and Alaska Native,Master's degree,Covered,US Citizen,104.919016388832,1,-14.839554375321589,1.8374129609278615
Male,Straight,American Indian and Alaska Native,GED or equivalent,Covered,US Citizen,174.16945771288374,3,-14.609450972734543,3.795754315964016
Male,Straight,American Indian and Alaska Native,High school graduate,Covered,US Citizen,282.842712474619,5,-17.019030610327203,0.7101973426447417
Female,Straight,American Indian and Alaska Native,"Some college, no degree",Covered,US Citizen,234.5207879911715,1,1.8539075389677973,-28.483156367995893
Female,Straight,American Indian and Alaska Native,Less than a high school diploma,Covered,US Citizen,227.03523955544875,1,0.9207557464432563,-25.782095526846962
Male,Straight,American Indian and Alaska Native,"Some college, no degree",Covered,US Citizen,133.26664999166147,1,-13.638394486756786,1.2032810690193416
Female,Straight,American Indian and Alaska Native,"Some college, no degree",Covered,US Citizen,92.19544457292888,1,2.923989451516631,-28.00734796098137
Female,Straight,American Indian and Alaska Native,"Some college, no degree",Covered,US Citizen,126.49110640673517,1,2.383162404710964,-28.011598752902536
Female,Straight,American Indian and Alaska Native,Associate degree,Covered,US Citizen,134.16407864998737,1,-1.8389729687533716,-27.78176456385323
Female,Straight,American Indian and Alaska Native,Associate degree,Covered,US Citizen,346.41016151377545,1,-2.5846250830357294,-27.648255923944898
Female,Straight,American Indian and Alaska Native,Associate degree,Covered,US Citizen,144.9137674618944,1,-1.8799342894187083,-27.78555700633847
Female,Straight,American Indian and Alaska Native,"Some college, no degree",Covered,US Citizen,40.24922359499622,1,3.2144966928342855,-28.268169441054944
Female,Straight,American Indian and Alaska Native,"Some college, no degree",Covered,US Citizen,236.64319132398464,1,2.393881217066318,-28.951337684347802
Female,Bisexual,American Indian and Alaska Native,Bachelor's degree,Covered,US Citizen,216.79483388678798,1,-3.7123043079836022,-23.990075669265096
Male,Straight,American Indian and Alaska Native,Master's degree,Covered,US Citizen,262.67851073127395,5,-15.539473546567276,1.4346813002161563
Male,Straight,American Indian and Alaska Native,Associate degree,Covered,US Citizen,185.7417562100671,3,-16.21304549781106,3.143931291289117
Male,Straight,American Indian and Alaska Native,Less than a high school diploma,Covered,US Citizen,158.11388300841898,3,-13.049721698897644,3.220751339982001
Male,Straight,American Indian and Alaska Native,High school graduate,Not covered,US Citizen,173.20508075688772,3,-6.735994733934174,13.593043304056861
Female,Straight,American Indian and Alaska Native,Less than a high school diploma,Not covered,US Citizen,122.47448713915891,3,-2.3492104844411976,6.217029535243196
Male,Straight,American Indian and Alaska Native,Less than a high school diploma,Not covered,US Citizen,161.24515496597098,3,-8.304115585626073,10.409786396308876
Female,Straight,American Indian and Alaska Native,Associate degree,Not covered,US Citizen,339.1164991562634,7,-4.317954143958457,3.6163600148969843
Female,Straight,American Indian and Alaska Native,Associate degree,Not covered,US Citizen,78.74007874011811,7,-4.2222391972623825,4.285268162396823
Female,Straight,American Indian and Alaska Native,"Some college, no degree",Not covered,US Citizen,132.82695509571843,1,-1.1022989852912883,3.7976262381204307
Male,Straight,American Indian and Alaska Native,Associate degree,Not covered,US Citizen,70.71067811865476,3,-11.746098766427608,10.683115508817885
Male,Straight,American Indian and Alaska Native,High school graduate,Not covered,US Citizen,181.6590212458495,8,-6.620896557674847,13.546463296781136
Female,Straight,American Indian and Alaska Native,Associate degree,Not covered,US Citizen,178.2105496316085,7,-4.174516257034501,4.088253125874088
Female,Straight,American Indian and Alaska Native,Associate degree,Not covered,US Citizen,173.20508075688772,7,-4.167342428118017,4.095749628836108
Female,Gay/Lesbian,American Indian and Alaska Native,Bachelor's degree,Not covered,US Citizen,216.79483388678798,9,-2.2764443186097543,2.055709866859166
Male,Straight,American Indian and Alaska Native,Less than a high school diploma,Not covered,US Citizen,89.44271909999159,3,-8.353542190398386,10.193120424795833
Female,Straight,American Indian and Alaska Native,High school graduate,Not covered,US Citizen,138.01449199268893,1,-0.32273120996363064,6.231423950673597
Male,Straight,American Indian and Alaska Native,GED or equivalent,Not covered,US Citizen,254.95097567963924,3,-9.346685778021259,12.773582993286505
Male,Straight,American Indian and Alaska Native,Associate degree,Not covered,US Citizen,212.13203435596427,3,-11.961963384942337,11.248261060876402
Male,Straight,American Indian and Alaska Native,Less than a high school diploma,Not covered,US Citizen,158.11388300841898,3,-8.305784778042737,10.397495058591664
Male,Straight,American Indian and Alaska Native,High school graduate,Not covered,US Citizen,212.13203435596427,8,-6.16219923934386,13.954719409331835
Male,Straight,American Indian and Alaska Native,High school graduate,Not covered,Non-US Citizen,137.84048752090223,3,16.818352958368145,21.96105708453326
Female,Straight,American Indian and Alaska Native,GED or equivalent,Not covered,US Citizen,200,7,-4.113734714346286,6.302145324299651
Female,Straight,American Indian and Alaska Native,GED or equivalent,Not covered,US Citizen,218.87896198584275,7,-4.131682672258904,6.2926239983536325
Male,Straight,American Indian and Alaska Native,GED or equivalent,Not covered,US Citizen,154.91933384829667,3,-9.607016806419523,13.064874597880136
Male,Straight,American Indian and Alaska Native,High school graduate,Not covered,US Citizen,273.8612787525831,8,-6.019804592227648,13.493672469904292
Female,Straight,American Indian and Alaska Native,"Some college, no degree",Not covered,US Citizen,244.94897427831782,1,-1.0869968570181987,3.8114027119118203
Male,Straight,American Indian and Alaska Native,Bachelor's degree,Not covered,US Citizen,167.33200530681512,3,-11.403331255307474,14.201474153849155
Male,Gay/Lesbian,American Indian and Alaska Native,"Some college, no degree",Not covered,US Citizen,194.93588689617928,3,-9.866564839633853,16.26282766225484
Female,Straight,American Indian and Alaska Native,Associate degree,Not covered,US Citizen,300,7,-4.208224127617795,3.6876773606787174
Female,Straight,American Indian and Alaska Native,High school graduate,Not covered,US Citizen,156.61417560361514,3,-0.3222082261770549,6.2325356238792455
Male,Straight,American Indian and Alaska Native,Associate degree,Not covered,US Citizen,98.48857801796105,3,-11.67590775598487,10.77737916254215
Male,Straight,American Indian and Alaska Native,GED or equivalent,Not covered,US Citizen,199.7298175035465,3,-9.496028389263728,12.816700640536162
Female,Straight,American Indian and Alaska Native,Less than a high school diploma,Not covered,US Citizen,200,3,-2.4444711491316986,6.252585256485296
Female,Gay/Lesbian,American Indian and Alaska Native,Master's degree,Not covered,US Citizen,331.66247903554,7,-2.5294313342397725,2.443510175159506
Male,Straight,American Indian and Alaska Native,High school graduate,Not covered,US Citizen,214.47610589527216,8,-6.151040769617778,13.944707847478078
Male,Straight,American Indian and Alaska Native,GED or equivalent,Not covered,US Citizen,212.13203435596427,3,-9.458109339736776,12.800343403397003
Male,Straight,American Indian and Alaska Native,High school graduate,Not covered,US Citizen,158.11388300841898,3,-6.733926954731725,13.820887928643105
Male,Straight,American Indian and Alaska Native,Associate degree,Not covered,US Citizen,135.64659966250537,3,-11.520025989530781,10.965582736255412
Male,Straight,American Indian and Alaska Native,Less than a high school diploma,Not covered,US Citizen,272.02941017470886,3,-8.188963449777837,10.448495463408193
Male,Straight,American Indian and Alaska Native,"Some college, no degree",Not covered,US Citizen,148.32396974191326,3,-9.575141149559588,15.56306462729778
Male,Straight,American Indian and Alaska Native,High school graduate,Not covered,US Citizen,196.21416870348583,8,-6.549316792320012,13.494446025452604
Male,Straight,American Indian and Alaska Native,Associate degree,Not covered,US Citizen,189.02909828912584,3,-11.556435288382602,11.22135873883099
Male,Straight,American Indian and Alaska Native,Associate degree,Not covered,US Citizen,212.13203435596427,3,-11.32141280728591,11.065985285825422
Male,Straight,American Indian and Alaska Native,Associate degree,Not covered,US Citizen,0,3,-11.91310246271792,10.58105987446765
Male,Straight,American Indian and Alaska Native,Bachelor's degree,Not covered,US Citizen,158.11388300841898,3,-11.404496899060648,14.20274190910463
Female,Straight,American Indian and Alaska Native,"Some college, no degree",Not covered,US Citizen,264.5751311064591,1,-1.0921755161236817,3.8169038589710516
Male,Straight,American Indian and Alaska Native,High school graduate,Not covered,US Citizen,136.01470508735443,3,-6.623870062788664,14.06016860702346
Male,Straight,American Indian and Alaska Native,Less than a high school diploma,Not covered,US Citizen,200,3,-8.298166592570714,10.442526963835999
Female,Gay/Lesbian,American Indian and Alaska Native,"Some college, no degree",Not covered,US Citizen,126.49110640673517,1,-1.6063468579482358,2.547773132099573
Male,Straight,American Indian and Alaska Native,GED or equivalent,Not covered,US Citizen,109.54451150103323,3,-9.758956486176581,12.829740571932566
Female,Straight,American Indian and Alaska Native,Associate degree,Not covered,US Citizen,121.6552506059644,7,-4.083398733877966,4.223305887783812
Female,Straight,American Indian and Alaska Native,Associate degree,Not covered,US Citizen,264.5751311064591,7,-4.1222038014245745,3.808786108914728
Male,Straight,American Indian and Alaska Native,"Some college, no degree",Not covered,US Citizen,173.20508075688772,3,-9.578695216000334,15.566129277368363
Male,Straight,American Indian and Alaska Native,"Some college, no degree",Not covered,US Citizen,223.60679774997897,3,-9.56259689969138,15.583345693277147
Female,Straight,American Indian and Alaska Native,"Some college, no degree",Not covered,US Citizen,236.53118187672425,1,-1.0872578612468722,3.8093674215946765
Female,Straight,American Indian and Alaska Native,Associate degree,Not covered,US Citizen,163.716217889371,7,-4.147996731595612,4.113761724937392
Female,Straight,American Indian and Alaska Native,Master's degree,Not covered,US Citizen,273.8612787525831,7,-2.6270731030402827,3.8873368001581214
Female,Straight,American Indian and Alaska Native,Less than a high school diploma,Not covered,US Citizen,144.9137674618944,3,-2.3675647883156268,6.242596933294051
Female,Straight,American Indian and Alaska Native,GED or equivalent,Not covered,US Citizen,277.48873851023217,7,-4.168865247580011,6.242813141586224
Male,Straight,American Indian and Alaska Native,High school graduate,Not covered,US Citizen,149.21461054467824,3,-6.617932436375459,14.013466375705804
Female,Straight,American Indian and Alaska Native,Less than a high school diploma,Not covered,US Citizen,103.3440854621105,3,-2.35369175830116,6.199910032026276
Male,Straight,American Indian and Alaska Native,Less than a high school diploma,Not covered,US Citizen,173.20508075688772,3,-8.302599272168324,10.430128905082888
Male,Straight,American Indian and Alaska Native,High school graduate,Not covered,US Citizen,134.16407864998737,3,-6.597580459999933,14.082198266343214
Male,Straight,American Indian and Alaska Native,GED or equivalent,Not covered,US Citizen,170.29386365926402,3,-9.594042719914349,13.034149589734414
Female,Bisexual,American Indian and Alaska Native,"Some college, no degree",Not covered,US Citizen,148.32396974191326,1,-1.053306855361688,2.828105065058368
Female,Straight,American Indian and Alaska Native,GED or equivalent,Not covered,US Citizen,200,7,-4.113646093340374,6.302071249264058
Male,Straight,American Indian and Alaska Native,High school graduate,Not covered,US Citizen,244.94897427831782,8,-6.207211265463823,13.410088775320851
Male,Straight,American Indian and Alaska Native,Associate degree,Not covered,US Citizen,234.5207879911715,3,-11.681072019600885,11.248273118742805
Male,Straight,American Indian and Alaska Native,GED or equivalent,Not covered,US Citizen,178.88543819998318,3,-9.585114194722012,12.991649836366621
Male,Straight,American Indian and Alaska Native,Associate degree,Not covered,US Citizen,244.94897427831782,3,-11.711050693268348,11.248651933186352
Female,Straight,American Indian and Alaska Native,"Some college, no degree",Not covered,US Citizen,204.3159318310738,1,-1.096984718878631,3.8074405682019576
Female,Straight,American Indian and Alaska Native,Bachelor's degree,Not covered,US Citizen,92.19544457292888,1,-2.3476590444709595,5.154990497973152
Male,Straight,American Indian and Alaska Native,GED or equivalent,Not covered,US Citizen,173.20508075688772,3,-9.577461141249495,13.029145990033015
Female,Straight,American Indian and Alaska Native,High school graduate,Not covered,US Citizen,319.8358954213864,6,-0.3119675631757568,6.236084823424562
Male,Straight,American Indian and Alaska Native,"Some college, no degree",Not covered,US Citizen,141.4213562373095,3,-9.573811178104668,15.563951631369294
Male,Straight,American Indian and Alaska Native,High school graduate,Not covered,US Citizen,316.22776601683796,8,-5.879267392968875,13.537639328591666
Male,Straight,American Indian and Alaska Native,Bachelor's degree,Not covered,US Citizen,187.08286933869707,3,-11.409466350603237,14.199292557200172
Male,Straight,American Indian and Alaska Native,Less than a high school diploma,Not covered,US Citizen,54.772255750516614,3,-8.374258151506975,10.123837200780212
Male,Straight,Asian,Bachelor's degree,Covered,US Citizen,303.31501776206204,5,-11.385303635439753,-2.645529367681231
Male,Straight,Asian,Master's degree,Covered,US Citizen,122.47448713915891,5,-12.623178128488806,-3.7035334464721537
Female,Straight,Asian,Bachelor's degree,Covered,US Citizen,121.67579874403948,5,1.5972567854812896,-11.729738944033272
Female,Straight,Asian,Bachelor's degree,Covered,US Citizen,418.33001326703777,2,2.7699696426647904,-11.489264832614978
Female,Straight,Asian,Bachelor's degree,Covered,US Citizen,447.21359549995793,2,2.845320822041037,-11.444893215384035
Female,Straight,Asian,High school graduate,Covered,Non-US Citizen,181.6590212458495,6,19.81544764649031,5.882804703865752
Female,Straight,Asian,Doctoral degree,Covered,US Citizen,282.842712474619,5,3.0117559768930673,-13.796710477705354
Female,Straight,Asian,Master's degree,Covered,Non-US Citizen,244.94897427831782,9,18.87918390125676,5.000889976750586
Male,Straight,Asian,Bachelor's degree,Covered,US Citizen,346.41016151377545,5,-11.230154036904175,-2.8649674635637066
Female,Straight,Asian,Associate degree,Covered,US Citizen,244.94897427831782,5,2.03349450837906,-14.11311719951903
Male,Straight,Asian,"Some college, no degree",Covered,US Citizen,159.46159412222116,4,-11.396800302474409,-4.994989910999928
Male,Straight,Asian,Bachelor's degree,Covered,US Citizen,387.2983346207417,5,-10.78993709640054,-2.7227964277869128
Female,Straight,Asian,Bachelor's degree,Covered,US Citizen,244.94897427831782,5,2.1305091078826806,-11.982743572139173
Male,Straight,Asian,"Some college, no degree",Covered,US Citizen,412.31056256176606,5,-11.363428263461195,-4.871387593547849
Female,Straight,Asian,"Some college, no degree",Covered,US Citizen,234.5207879911715,1,2.169971092831925,-15.25820517069477
Female,Straight,Asian,High school graduate,Covered,US Citizen,97.97958971132712,6,4.820239959070333,-16.55955077489621
Female,Straight,Asian,High school graduate,Covered,Non-US Citizen,316.22776601683796,9,19.641317516810407,5.969179684994578
Male,Straight,Asian,High school graduate,Covered,US Citizen,300,5,-14.270486776005066,-2.9586232116562554
Male,Straight,Asian,Bachelor's degree,Covered,Non-US Citizen,214.47610589527216,5,11.997323569875789,11.794094455809738
Female,Straight,Asian,"Some college, no degree",Covered,US Citizen,316.22776601683796,1,2.2311660379920686,-15.258373606592357
Female,Straight,Asian,"Some college, no degree",Covered,US Citizen,212.13203435596427,1,2.1587979424195494,-15.306833879780806
Female,Straight,Asian,Bachelor's degree,Covered,US Citizen,254.95097567963924,5,2.1660408033402114,-11.921443170412266
Male,Straight,Asian,Bachelor's degree,Covered,US Citizen,282.842712474619,5,-11.42899661801186,-2.5054790150381496
Female,Straight,Asian,Master's degree,Covered,US Citizen,316.22776601683796,2,4.641051610412562,-13.543991094240132
Male,Straight,Asian,Bachelor's degree,Covered,Non-US Citizen,284.60498941515414,5,12.129112082553538,11.648968411588406
Female,Straight,Asian,High school graduate,Covered,US Citizen,36.98648401781386,6,4.84453951667123,-16.574172003268732
Female,Straight,Asian,"Some college, no degree",Covered,Non-US Citizen,223.60679774997897,9,18.496775034393945,4.47785414682793
Female,Straight,Asian,Professional school degree,Covered,US Citizen,324.037034920393,2,3.9366440760695456,-12.595134891096565
Female,Straight,Asian,Master's degree,Covered,US Citizen,469.041575982343,2,4.818850420806428,-13.422926175963406
Male,Straight,Asian,Bachelor's degree,Covered,Non-US Citizen,316.22776601683796,5,12.222902992753133,11.572253867508023
Female,Straight,Asian,Doctoral degree,Covered,US Citizen,244.94897427831782,5,2.8984549166095825,-13.848222587199453
Male,Straight,Asian,Bachelor's degree,Covered,US Citizen,212.13203435596427,5,-11.327934559457384,-2.1265131005087246
Female,Straight,Asian,Bachelor's degree,Covered,Non-US Citizen,387.2983346207417,9,18.133844084461014,6.021865973021797
Female,Straight,Asian,Doctoral degree,Covered,Non-US Citizen,232.379000772445,9,19.611878628986364,4.696681329514172
Female,Straight,Asian,Doctoral degree,Covered,Non-US Citizen,0,9,19.911781306672165,4.425413025062096
Male,Straight,Asian,High school graduate,Covered,US Citizen,246.9817807045694,5,-14.308227962421858,-2.9615689626693555
Male,Straight,Asian,Bachelor's degree,Covered,Non-US Citizen,456.0701700396552,5,12.1328418421742,11.259181036660344
Female,Straight,Asian,High school graduate,Covered,Non-US Citizen,387.2983346207417,9,19.69099602364527,5.970108619626068
Male,Straight,Asian,Master's degree,Covered,US Citizen,324.1635389737717,5,-12.67819056203554,-3.6190870680482297
Female,Straight,Asian,Professional school degree,Covered,US Citizen,469.041575982343,2,4.135765955007629,-12.46945254906842
Male,Straight,Asian,Master's degree,Covered,US Citizen,236.64319132398464,5,-12.693807904624867,-3.6415946031888895
Male,Straight,Asian,Bachelor's degree,Covered,US Citizen,391.65035427023423,5,-10.754424870091599,-2.6878372972426092
Female,Straight,Asian,High school graduate,Covered,US Citizen,141.4213562373095,6,4.814269683641303,-16.566789576218696
Female,Straight,Asian,Bachelor's degree,Covered,Non-US Citizen,201.07461301715838,9,18.049602108507404,5.809739060894279
Female,Straight,Asian,Bachelor's degree,Covered,US Citizen,353.5533905932738,2,2.4762276982018867,-11.491680213551932
Female,Straight,Asian,Bachelor's degree,Covered,US Citizen,97.97958971132712,5,1.518036026153325,-11.76284733783343
Female,Straight,Asian,"Some college, no degree",Covered,Non-US Citizen,240.8318915758459,9,18.494172994148357,4.502220483596247
Male,Straight,Asian,Bachelor's degree,Covered,US Citizen,200,5,-11.302845701388675,-2.0555341282589352
Female,Straight,Asian,Associate degree,Covered,Non-US Citizen,374.16573867739413,9,19.08201965430003,5.605529186817979
Male,Straight,Asian,"Some college, no degree",Covered,Non-US Citizen,94.14350747661784,4,12.284211047251558,13.91777229839105
Female,Straight,Asian,Master's degree,Covered,US Citizen,469.041575982343,2,4.818533809225027,-13.423554262139303
Female,Straight,Asian,"Some college, no degree",Covered,US Citizen,248.99799195977465,1,2.177409007387438,-15.232533268661316
Female,Straight,Asian,Bachelor's degree,Covered,Non-US Citizen,306.59419433511783,9,18.101961083246014,5.962650746934937
Female,Straight,Asian,Less than a high school diploma,Covered,US Citizen,104.88088481701516,1,0.3506057484993688,-13.53492598039887
Male,Straight,Asian,Less than a high school diploma,Covered,US Citizen,31.622776601683793,5,-10.95409627860596,0.9479967830920004
Male,Straight,Asian,Bachelor's degree,Covered,US Citizen,264.5751311064591,5,-11.437747041745995,-2.467658230136908
Male,Straight,Asian,Bachelor's degree,Covered,US Citizen,346.41016151377545,5,-10.68277904245339,-2.133178924494118
Male,Straight,Asian,High school graduate,Covered,Non-US Citizen,244.94897427831782,5,11.453734641526154,12.820275824974011
Female,Straight,Asian,Bachelor's degree,Covered,Non-US Citizen,316.22776601683796,9,18.092131051808817,5.955019112980182
Male,Straight,Asian,Bachelor's degree,Covered,US Citizen,141.4213562373095,5,-11.272411096259022,-1.8477544916447275
Female,Straight,Asian,Bachelor's degree,Covered,US Citizen,282.842712474619,5,2.265029929807929,-11.795161805253919
Male,Straight,Asian,Bachelor's degree,Covered,US Citizen,447.21359549995793,5,-10.394992072989385,-2.6230147853320647
Male,Straight,Asian,Associate degree,Covered,US Citizen,316.22776601683796,5,-13.040052473289558,-2.5072351302998057
Male,Straight,Asian,Bachelor's degree,Covered,US Citizen,469.041575982343,5,-10.308301072442273,-2.550497905342412
Male,Straight,Asian,Associate degree,Covered,Non-US Citizen,200,5,11.517357933223526,12.44528401711485
Female,Straight,Asian,Doctoral degree,Covered,Non-US Citizen,391.70396985478715,9,19.72369755440738,4.974753941796491
Female,Straight,Asian,Master's degree,Covered,US Citizen,387.2983346207417,2,4.729988670432432,-13.4731823834502
Female,Straight,Asian,Bachelor's degree,Covered,US Citizen,387.2983346207417,2,2.7236330560166033,-11.708529185913367
Female,Straight,Asian,Less than a high school diploma,Covered,Non-US Citizen,155.92947123619703,9,19.097419940714172,4.224401613518802
Male,Straight,Asian,Bachelor's degree,Covered,US Citizen,400,5,-10.751110651129645,-2.795014126410503
Female,Straight,Asian,Bachelor's degree,Covered,US Citizen,387.2983346207417,2,2.579267492618071,-11.30519092881412
Female,Straight,Asian,Bachelor's degree,Covered,US Citizen,70.71067811865476,5,1.4467434672245534,-11.70973299855816
Female,Straight,Asian,Less than a high school diploma,Covered,US Citizen,102.35233265539189,1,0.34934051779004327,-13.531746677188858
Female,Straight,Asian,Bachelor's degree,Covered,Non-US Citizen,316.22776601683796,9,18.127229673396855,5.994097615970502
Female,Straight,Asian,Bachelor's degree,Covered,US Citizen,173.20508075688772,5,1.786735236011916,-11.632375615917068
Female,Straight,Asian,Bachelor's degree,Not covered,Non-US Citizen,187.08286933869707,9,16.934957734018084,9.41343031015564
Male,Straight,Asian,Master's degree,Not covered,Non-US Citizen,291.547594742265,9,14.783923948568406,13.786895536640195
Female,Straight,Asian,Bachelor's degree,Not covered,US Citizen,173.20508075688772,9,9.988195833899097,4.4747731036954494
Male,Straight,Asian,Bachelor's degree,Not covered,US Citizen,200,5,6.327351458526731,11.933045534958223
Female,Straight,Asian,Master's degree,Not covered,Non-US Citizen,270.1851217221259,9,18.287559129707343,9.463192097047198
Male,Straight,Asian,High school graduate,Not covered,US Citizen,254.95097567963924,8,2.0953135328955317,12.856540178699108
Female,Straight,Asian,"Some college, no degree",Not covered,US Citizen,248.99799195977465,9,8.02167049442109,4.602417791584414
Female,Straight,Asian,"Some college, no degree",Not covered,US Citizen,313.04951684997053,9,8.035800071286836,4.6893467359792735
Male,Straight,Asian,High school graduate,Not covered,US Citizen,189.73665961010275,8,2.027153447291449,12.917213804426016
Male,Straight,Asian,"Some college, no degree",Not covered,US Citizen,264.5751311064591,5,5.219727920743352,14.229582930665021
Female,Straight,Asian,Less than a high school diploma,Not covered,Non-US Citizen,316.22776601683796,9,18.492782762754338,11.53148091519653
Female,Straight,Asian,Bachelor's degree,Not covered,US Citizen,254.11808278829744,9,9.916240393597398,4.605923508528862
Male,Straight,Asian,High school graduate,Not covered,Non-US Citizen,118.32159566199232,10,14.087885924037977,15.524609618588634
Female,Straight,Asian,Associate degree,Not covered,Non-US Citizen,122.47448713915891,9,17.756250683814653,10.704919479366907
Female,Straight,Asian,Master's degree,Not covered,Non-US Citizen,282.842712474619,9,18.3004632944362,9.433476898443688
Male,Straight,Asian,Bachelor's degree,Not covered,US Citizen,150.11662133155008,5,6.428472467845253,12.063842380187843
Male,Straight,Asian,Bachelor's degree,Not covered,Non-US Citizen,300,9,13.925218700816842,12.443741488683154
Male,Straight,Asian,Bachelor's degree,Not covered,US Citizen,17.320508075688775,5,6.748997259149116,12.209007207171272
Male,Straight,Asian,Bachelor's degree,Not covered,Non-US Citizen,374.16573867739413,9,13.882935749333997,12.256893443486383
Male,Straight,Asian,Bachelor's degree,Not covered,Non-US Citizen,316.22776601683796,9,13.902010192905015,12.39028201615504
Male,Straight,Asian,High school graduate,Not covered,US Citizen,134.16407864998737,8,2.0153557085910374,12.895853099201231
Male,Straight,Asian,Bachelor's degree,Not covered,US Citizen,367.4234614174767,5,6.219709759948862,11.33577428744518
Male,Straight,Asian,High school graduate,Not covered,US Citizen,187.08286933869707,8,2.0241225303945942,12.919408617481393
Male,Straight,Asian,Less than a high school diploma,Not covered,Non-US Citizen,138.5640646055102,10,15.175144290525344,15.320600069010618
Female,Straight,Asian,Bachelor's degree,Not covered,US Citizen,213.7755832643195,9,9.95762096437312,4.535859576771359
Female,Straight,Asian,Bachelor's degree,Not covered,Non-US Citizen,447.21359549995793,9,16.938487537298396,8.50336737444674
Male,Straight,Asian,"Some college, no degree",Not covered,Non-US Citizen,122.47448713915891,10,13.706419897001227,14.612247496820398
Male,Straight,Asian,Bachelor's degree,Not covered,US Citizen,266.6027006614899,5,6.3289810871551335,11.6766327528637
Female,Straight,Asian,High school graduate,Not covered,Non-US Citizen,223.60679774997897,9,19.22707029444597,10.055262009137865
Male,Straight,Asian,"Some college, no degree",Not covered,US Citizen,207.3644135332772,4,5.203334590402698,14.301412251895254
Female,Straight,Asian,High school graduate,Not covered,Non-US Citizen,223.60679774997897,9,19.225030070724618,10.063151053411312
Male,Straight,Asian,Less than a high school diploma,Not covered,Non-US Citizen,100,10,15.166006007935923,15.326994655977618
Female,Straight,Asian,Bachelor's degree,Not covered,Non-US Citizen,134.16407864998737,9,16.744601756085444,9.553951275734708
Male,Straight,Asian,Bachelor's degree,Not covered,US Citizen,458.257569495584,5,6.031898770968433,11.13177983253116
Female,Straight,Asian,Master's degree,Not covered,US Citizen,313.04951684997053,9,8.978366757236461,5.469994174188424
Male,Straight,Asian,Associate degree,Not covered,US Citizen,122.47448713915891,3,3.8689691378236843,11.839397732812207
Female,Straight,Asian,Bachelor's degree,Not covered,Non-US Citizen,270.1851217221259,9,17.047848359390105,9.04127623670587
Female,Straight,Asian,High school graduate,Not covered,US Citizen,109.54451150103323,7,10.059288296056394,0.9809349468737549
Female,Straight,Asian,Bachelor's degree,Not covered,US Citizen,223.60679774997897,9,9.937735929647616,4.550835014773343
Male,Straight,Asian,Associate degree,Not covered,US Citizen,447.21359549995793,5,4.179089374753247,11.461207715501237
Female,Straight,Asian,High school graduate,Not covered,Non-US Citizen,164.31676725154983,9,19.196393823137445,10.1943976009569
Male,Straight,Asian,Bachelor's degree,Not covered,US Citizen,264.5751311064591,5,6.326085502508154,11.695981889885875
Male,Straight,Asian,"Some college, no degree",Not covered,US Citizen,0,3,5.444657749928061,14.427840210288906
Female,Straight,Asian,Never attended/kindergarten only,Not covered,Non-US Citizen,184.39088914585776,9,18.005525643790335,10.239511999583964
Female,Straight,Asian,Bachelor's degree,Not covered,Non-US Citizen,232.379000772445,9,16.881651679904202,9.214019077409064
Female,Straight,Asian,Bachelor's degree,Not covered,Non-US Citizen,264.5751311064591,9,16.988745865544047,9.06853163790897
Male,Straight,Asian,Master's degree,Not covered,Non-US Citizen,178.88543819998318,10,14.78263633497157,14.090499412347697
Male,Straight,Asian,High school graduate,Not covered,US Citizen,223.60679774997897,8,2.0579919711413215,12.888166641494045
Male,Straight,Asian,Doctoral degree,Not covered,US Citizen,447.21359549995793,5,4.867213296487902,10.801073359912454
Male,Straight,Asian,Bachelor's degree,Not covered,US Citizen,223.60679774997897,5,6.3215062229802745,11.859566244405315
Male,Straight,Asian,Associate degree,Not covered,US Citizen,336.1547262794322,5,4.080156422564144,11.627042168578622
Male,Straight,Asian,Less than a high school diploma,Not covered,US Citizen,167.33200530681512,3,1.242296863144739,22.107649837289376
Female,Straight,Asian,Less than a high school diploma,Not covered,Non-US Citizen,122.47448713915891,9,18.429171746017875,11.761606059843645
Female,Straight,Asian,Bachelor's degree,Not covered,Non-US Citizen,339.1164991562634,9,16.949389389727504,8.728975185296328
Female,Straight,Asian,Doctoral degree,Not covered,Non-US Citizen,387.2983346207417,9,18.47140708694483,8.515115270958407
Female,Straight,Asian,Bachelor's degree,Not covered,Non-US Citizen,121.04131526053408,9,16.714193387705237,9.587712328597974
Male,Straight,Asian,Bachelor's degree,Not covered,Non-US Citizen,316.22776601683796,9,13.902010192905015,12.39028201615504
Female,Straight,Asian,Less than a high school diploma,Not covered,US Citizen,89.44271909999159,3,9.167141787565482,2.6909365364203426
Male,Straight,Asian,Bachelor's degree,Not covered,US Citizen,316.22776601683796,5,6.321298570982025,11.471223327650149
Female,Straight,Asian,"Some college, no degree",Not covered,Non-US Citizen,0,9,16.772351163498453,11.386972939836662
Female,Straight,Asian,High school graduate,Not covered,Non-US Citizen,300,9,19.271413259260907,9.901812327242967
Female,Straight,Asian,"Some college, no degree",Not covered,US Citizen,144.9137674618944,1,8.008251535511596,4.449648911265552
Female,Straight,Asian,Doctoral degree,Not covered,US Citizen,469.041575982343,9,8.943616914661668,6.236849352652448
Female,Straight,Asian,Associate degree,Not covered,Non-US Citizen,200,9,17.87699244867361,10.522957177861464
Male,Straight,Asian,"Some college, no degree",Not covered,Non-US Citizen,282.842712474619,9,13.761215572639227,14.33608902459144
Female,Straight,Asian,Bachelor's degree,Not covered,US Citizen,282.842712474619,9,9.919705953350018,4.660730236924877
Female,Straight,Asian,Bachelor's degree,Not covered,Non-US Citizen,282.842712474619,9,17.066015439668146,8.982946315947183
Male,Straight,Asian,"Some college, no degree",Not covered,US Citizen,282.842712474619,5,5.231059146269984,14.217468875094951
Male,Straight,Asian,Less than a high school diploma,Not covered,Non-US Citizen,228.0350850198276,10,15.294433786377756,15.296419157093162
Male,Straight,Asian,Bachelor's degree,Not covered,Non-US Citizen,0,9,14.058925856823574,12.85415498873733
Male,Straight,Asian,"Some college, no degree",Not covered,Non-US Citizen,102.52804494381037,10,13.687633820553845,14.610836816233666
Female,Straight,Asian,"Some college, no degree",Not covered,Non-US Citizen,0,9,16.772568448124936,11.386168438146711
Male,Straight,Asian,High school graduate,Not covered,US Citizen,246.9109151090733,8,2.082216825232221,12.86411276319366
Male,Straight,Asian,"Some college, no degree",Not covered,Non-US Citizen,173.20508075688772,10,13.768267779969355,14.561242664227322
Male,Straight,Asian,"Some college, no degree",Not covered,US Citizen,200,8,5.203940443192227,14.308373250105646
Male,Straight,Black/African American,Bachelor's degree,Covered,US Citizen,109.54451150103323,4,-8.072169989106461,-4.040199677055566
Male,Straight,Black/African American,Master's degree,Covered,US Citizen,286.35642126552705,4,-7.423682788732702,-7.514560877902017
Male,Straight,Black/African American,Bachelor's degree,Covered,US Citizen,469.041575982343,5,-8.408627790609314,-3.754088227209963
Male,Straight,Black/African American,High school graduate,Covered,US Citizen,244.94897427831782,4,-5.650189147493716,-7.298740036807028
Male,Straight,Black/African American,Associate degree,Covered,US Citizen,234.5207879911715,4,-5.706892550226704,-4.4605170440436295
Female,Straight,Black/African American,High school graduate,Covered,US Citizen,187.08286933869707,6,4.505838175778713,-19.769033673904662
Male,Straight,Black/African American,"Some college, no degree",Covered,US Citizen,158.11388300841898,4,-9.13738997747271,-7.121897521141306
Female,Straight,Black/African American,Master's degree,Covered,US Citizen,308.2207001484488,2,-1.99615552570218,-19.52536758878983
Female,Straight,Black/African American,Master's degree,Covered,US Citizen,469.041575982343,2,-2.1604877959549498,-19.4436725255133
Male,Straight,Black/African American,Less than a high school diploma,Covered,US Citizen,244.94897427831782,4,-7.300640022716243,-5.552683773584351
Female,Bisexual,Black/African American,"Some college, no degree",Covered,US Citizen,187.08286933869707,4,0.7391871326940443,-20.0865803493716
Female,Straight,Black/African American,GED or equivalent,Covered,US Citizen,7.0710678118654755,1,3.382892599256104,-21.48163444812341
Male,Straight,Black/African American,"Some college, no degree",Covered,US Citizen,300,4,-8.943466967504708,-7.601876035113776
Female,Straight,Black/African American,High school graduate,Covered,US Citizen,212.13203435596427,6,4.625383206620632,-19.607491022326506
Female,Straight,Black/African American,Associate degree,Covered,US Citizen,291.547594742265,7,0.336178430725793,-22.14127626417267
Male,Straight,Black/African American,"Some college, no degree",Covered,US Citizen,218.7669993394799,4,-8.942892010145245,-7.301339342283553
Male,Straight,Black/African American,High school graduate,Covered,US Citizen,126.49110640673517,4,-5.100438092101047,-6.987556164415464
Male,Straight,Black/African American,Less than a high school diploma,Covered,US Citizen,109.54451150103323,4,-7.215306377265481,-5.304210832176431
Female,Straight,Black/African American,Bachelor's degree,Covered,US Citizen,308.2207001484488,2,-2.7669361668388954,-21.460787714431767
Male,Straight,Black/African American,High school graduate,Covered,US Citizen,173.20508075688772,4,-5.235197920474774,-7.19776753867689
Female,Straight,Black/African American,Associate degree,Covered,US Citizen,264.5751311064591,7,0.43525345633365203,-22.15014013491705
Female,Straight,Black/African American,Associate degree,Covered,US Citizen,173.20508075688772,7,0.7062265790609475,-22.120924802458415
Male,Straight,Black/African American,Associate degree,Covered,US Citizen,115.56816170554933,4,-5.6243036311878605,-4.46410491023226
Female,Bisexual,Black/African American,Associate degree,Covered,US Citizen,178.88543819998318,7,0.7451955069779034,-21.301157376362116
Female,Straight,Black/African American,Professional school degree,Covered,US Citizen,387.2983346207417,2,-1.3791465444979252,-20.34697046880433
Male,Straight,Black/African American,High school graduate,Covered,US Citizen,161.24515496597098,4,-5.1583945930333215,-7.226086487780974
Female,Straight,Black/African American,Doctoral degree,Covered,US Citizen,300,2,-0.914830557118966,-20.917144031059905
Female,Straight,Black/African American,Bachelor's degree,Covered,US Citizen,469.041575982343,2,-3.1461914454084,-21.188061459762896
Male,Straight,Black/African American,High school graduate,Covered,US Citizen,1,4,-4.619638689262198,-7.101367915573004
Female,Straight,Black/African American,High school graduate,Covered,US Citizen,158.11388300841898,6,4.769548285092231,-19.889042981775457
Female,Straight,Black/African American,"Some college, no degree",Covered,Non-US Citizen,94.86832980505137,1,1.637680614273225,-18.24450463555365
Male,Straight,Black/African American,GED or equivalent,Covered,US Citizen,262.67851073127395,4,-7.340611045680645,-6.768129112168488
Female,Straight,Black/African American,"Some college, no degree",Covered,US Citizen,137.84048752090223,1,0.9751616761910894,-18.987523511730565
Female,Straight,Black/African American,Associate degree,Covered,US Citizen,185.86285266292455,7,0.6699785199069737,-22.12089502518717
Male,Straight,Black/African American,High school graduate,Covered,US Citizen,316.22776601683796,4,-5.692149744227847,-7.598351652994177
Female,Straight,Black/African American,"Some college, no degree",Covered,US Citizen,300,4,0.4669066199871638,-19.04235477271668
Female,Straight,Black/African American,"Some college, no degree",Covered,US Citizen,122.47448713915891,1,1.0345761598445886,-18.97926564824735
Female,Straight,Black/African American,"Some college, no degree",Covered,US Citizen,316.22776601683796,4,0.4238765770959601,-19.031541878289083
Female,Straight,Black/African American,Less than a high school diploma,Covered,US Citizen,118.32159566199232,1,2.556195392406222,-20.495056939327075
Female,Straight,Black/African American,"Some college, no degree",Covered,US Citizen,212.13203435596427,4,0.7892540669456417,-19.008546164613527
Female,Straight,Black/African American,Associate degree,Covered,US Citizen,223.60679774997897,7,0.5629021480393135,-22.13721723839695
Male,Straight,Black/African American,Associate degree,Covered,US Citizen,109.54451150103323,4,-5.621315223258658,-4.467649459163804
Male,Straight,Black/African American,Less than a high school diploma,Covered,US Citizen,212.13203435596427,4,-7.28492921783272,-5.489178247187161
Male,Straight,Black/African American,Less than a high school diploma,Covered,US Citizen,165.83123951777,4,-7.250338562141099,-5.406893242840761
Male,Straight,Black/African American,"Some college, no degree",Covered,US Citizen,234.5207879911715,4,-8.882850192131707,-7.354292772389854
Male,Straight,Black/African American,High school graduate,Covered,US Citizen,291.547594742265,4,-5.7486459376936345,-7.457316897732534
Male,Straight,Black/African American,High school graduate,Covered,US Citizen,109.54451150103323,4,-5.032666828110171,-6.964627007823479
Female,Straight,Black/African American,Bachelor's degree,Covered,US Citizen,187.08286933869707,2,-2.5248944430879847,-21.658717334819322
Male,Straight,Black/African American,"Some college, no degree",Covered,US Citizen,187.08286933869707,4,-9.065955837320068,-7.216126646120659
Male,Straight,Black/African American,Associate degree,Covered,US Citizen,141.4213562373095,4,-5.6306460692372795,-4.4548777798957095
Female,Straight,Black/African American,High school graduate,Covered,US Citizen,138.23530663329106,6,4.736603631705253,-19.964640094638604
Male,Straight,Black/African American,"Some college, no degree",Covered,US Citizen,113.525327570547,4,-9.097210294560538,-6.98156455957516
Male,Straight,Black/African American,"Some college, no degree",Covered,US Citizen,244.94897427831782,4,-8.849134135299757,-7.377997619591972
Male,Straight,Black/African American,"Some college, no degree",Covered,US Citizen,346.41016151377545,4,-9.17634166162793,-7.656328517861917
Female,Straight,Black/African American,Less than a high school diploma,Covered,US Citizen,178.88543819998318,7,2.5356556215129684,-20.499460528801105
Male,Straight,Black/African American,High school graduate,Covered,US Citizen,346.41016151377545,4,-5.650146589933913,-7.716466959868654
Male,Straight,Black/African American,Associate degree,Covered,US Citizen,387.2983346207417,4,-5.639839780109725,-4.270928670565476
Female,Straight,Black/African American,Bachelor's degree,Covered,US Citizen,189.73665961010275,2,-2.5315329315791097,-21.659971780479818
Female,Bisexual,Black/African American,Bachelor's degree,Covered,US Citizen,291.547594742265,2,-3.0248351786321623,-22.62360284138243
Female,Straight,Black/African American,Bachelor's degree,Covered,US Citizen,353.5533905932738,2,-2.8871291653321283,-21.367831811313934
Female,Straight,Black/African American,Bachelor's degree,Covered,US Citizen,234.5207879911715,2,-2.644513688548794,-21.617407521364235
Female,Straight,Black/African American,Bachelor's degree,Covered,US Citizen,282.842712474619,2,-2.72369550506339,-21.534758798781674
Female,Straight,Black/African American,Bachelor's degree,Covered,US Citizen,316.55331304537,2,-2.79966497881816,-21.445366109773673
Female,Straight,Black/African American,"Some college, no degree",Covered,US Citizen,200,4,0.8289817012007654,-18.99144306091983
Female,Straight,Black/African American,Master's degree,Covered,US Citizen,412.31056256176606,2,-2.1190199061590826,-19.481298436445126
Male,Straight,Black/African American,Bachelor's degree,Covered,US Citizen,264.5751311064591,5,-8.234931520565427,-3.9958935906975546
Male,Straight,Black/African American,High school graduate,Covered,US Citizen,212.13203435596427,4,-5.480581839553668,-7.191217963178111
Female,Straight,Black/African American,High school graduate,Covered,US Citizen,154.91933384829667,6,4.773951576451024,-19.907387392052662
Female,Straight,Black/African American,High school graduate,Covered,US Citizen,173.20508075688772,6,4.732245584235608,-19.733800451101207
Female,Straight,Black/African American,High school graduate,Covered,US Citizen,168.804620789835,6,4.516103827443888,-19.831466831889422
Male,Straight,Black/African American,High school graduate,Covered,US Citizen,94.86832980505137,4,-4.9082731996869065,-7.110454805614395
Female,Straight,Black/African American,Associate degree,Covered,US Citizen,128.17566071606575,7,0.8027409164547037,-22.14898300406054
Female,Straight,Black/African American,"Some college, no degree",Covered,US Citizen,104.88088481701516,1,1.0605335219352605,-18.95874116910316
Female,Straight,Black/African American,High school graduate,Covered,US Citizen,200,6,4.552325293736219,-19.66595772312335
Female,Straight,Black/African American,High school graduate,Covered,US Citizen,102.35233265539189,6,4.723591205258419,-20.093015759759307
Female,Straight,Black/African American,"Some college, no degree",Not covered,US Citizen,223.60679774997897,7,10.015522611833138,-4.830630364791282
Male,Straight,Black/African American,Bachelor's degree,Not covered,US Citizen,158.11388300841898,3,1.4976717695065607,17.78763217710968
Female,Straight,Black/African American,GED or equivalent,Not covered,US Citizen,244.94897427831782,7,12.934785969260059,-4.525262211846059
Female,Straight,Black/African American,High school graduate,Not covered,US Citizen,105.64090116995405,7,11.632968846087934,-1.677362356112603
Male,Straight,Black/African American,GED or equivalent,Not covered,US Citizen,223.60679774997897,4,-0.1238472537041921,18.449243455774724
Female,Straight,Black/African American,Associate degree,Not covered,US Citizen,164.31676725154983,7,11.697988421486713,-6.690978417905139
Male,Straight,Black/African American,"Some college, no degree",Not covered,US Citizen,194.93588689617928,4,3.7181820941106642,17.750686847614997
Male,Straight,Black/African American,High school graduate,Not covered,US Citizen,173.20508075688772,8,-0.22015406145742386,15.247656342148563
Female,Straight,Black/African American,High school graduate,Not covered,US Citizen,137.84048752090223,7,11.93481194910266,-1.826636751638497
Female,Straight,Black/African American,Bachelor's degree,Not covered,US Citizen,0,7,14.637342519146841,-3.6980014777141084
Female,Straight,Black/African American,"Some college, no degree",Not covered,US Citizen,173.20508075688772,7,10.060579936120607,-4.776091970011935
Female,Straight,Black/African American,Bachelor's degree,Not covered,US Citizen,154.91933384829667,7,14.53492892075879,-3.8095208546556187
Male,Straight,Black/African American,High school graduate,Not covered,US Citizen,154.91933384829667,8,-0.15145018331681928,15.69944341612915
Female,Straight,Black/African American,High school graduate,Not covered,US Citizen,178.88543819998318,7,12.295679635435334,-2.407391078689982
Male,Straight,Black/African American,"Some college, no degree",Not covered,US Citizen,187.08286933869707,4,3.705271081148606,17.75648517917787
Male,Straight,Black/African American,Less than a high school diploma,Not covered,US Citizen,158.11388300841898,3,1.6562424565801463,20.32760022494702
Female,Straight,Black/African American,Bachelor's degree,Not covered,Non-US Citizen,242.8991560298224,9,15.824656802699575,7.847300059565268
Male,Straight,Black/African American,Less than a high school diploma,Not covered,US Citizen,223.60679774997897,3,1.7482324811355026,20.219948401958405
Female,Straight,Black/African American,Bachelor's degree,Not covered,US Citizen,230.21728866442677,7,14.557385057369952,-3.879475988436722
Female,Straight,Black/African American,High school graduate,Not covered,US Citizen,212.13203435596427,7,11.820571122217364,-2.6229541468226127
Female,Straight,Black/African American,Bachelor's degree,Not covered,US Citizen,204.93901531919198,7,14.563362891384202,-3.8633859550460423
Female,Straight,Black/African American,Less than a high school diploma,Not covered,US Citizen,204.93901531919198,7,13.751815603116825,-5.723659416077312
Female,Straight,Black/African American,Master's degree,Not covered,US Citizen,173.20508075688772,7,11.811430489750842,-4.403974662357137
Female,Straight,Black/African American,Associate degree,Not covered,US Citizen,282.842712474619,7,11.851452864793506,-6.9224277491428206
Female,Gay/Lesbian,Black/African American,Bachelor's degree,Not covered,US Citizen,200,7,15.487345889833469,-3.9313917463992376
Female,Straight,Black/African American,High school graduate,Not covered,US Citizen,148.32396974191326,7,11.941366595513283,-2.199635170406823
Male,Straight,Black/African American,High school graduate,Not covered,US Citizen,158.11388300841898,8,-0.21963364856884734,15.769880870117484
Female,Straight,Black/African American,High school graduate,Not covered,US Citizen,194.93588689617928,7,11.848689171660904,-2.5704559340094266
Male,Straight,Black/African American,High school graduate,Not covered,US Citizen,164.31676725154983,8,-0.29354940375751754,15.799074957274257
Male,Straight,Black/African American,High school graduate,Not covered,US Citizen,264.5751311064591,8,-1.0620043842948048,15.209084602754938
Female,Straight,Black/African American,Associate degree,Not covered,US Citizen,469.041575982343,7,11.67143156218294,-7.381537252415142
Female,Straight,Black/African American,High school graduate,Not covered,US Citizen,134.16407864998737,7,11.327682615828786,-1.976340442556196
Female,Straight,Black/African American,High school graduate,Not covered,Non-US Citizen,151.30432908545612,7,13.253621830929747,-0.14317853378747256
Female,Straight,Black/African American,High school graduate,Not covered,Non-US Citizen,0,7,13.268399148385246,-0.12437316562320452
Male,Straight,Black/African American,High school graduate,Not covered,US Citizen,173.20508075688772,8,-0.8429685963598788,16.027390973497614
Male,Straight,Black/African American,Less than a high school diploma,Not covered,US Citizen,178.88543819998318,3,1.6681941762873356,20.33293713785961
Female,Straight,Black/African American,High school graduate,Not covered,US Citizen,151.65750888103102,7,11.685455793568746,-2.3302442254391686
Female,Straight,Black/African American,Never attended/kindergarten only,Not covered,US Citizen,273.8612787525831,7,12.767142060192894,-5.376172314776597
Male,Something else,Black/African American,Associate degree,Not covered,US Citizen,141.4213562373095,7,1.962479643811123,15.878529217283779
Male,Straight,Black/African American,High school graduate,Not covered,US Citizen,210.67747862550473,8,-0.9539796095189107,15.50553494424794
Female,Straight,Black/African American,High school graduate,Not covered,US Citizen,103.92304845413264,7,11.65460370378645,-1.6698814879824486
Female,Straight,Black/African American,"Some college, no degree",Not covered,US Citizen,425.4409477236529,7,9.755118120824045,-5.055782336937678
Male,Straight,Black/African American,"Some college, no degree",Not covered,US Citizen,244.94897427831782,4,3.8074698211195366,17.708745272195195
Female,Straight,Black/African American,High school graduate,Not covered,US Citizen,178.88543819998318,7,11.301232282060331,-2.3011413457584338
Male,Straight,Black/African American,"Some college, no degree",Not covered,US Citizen,223.60679774997897,4,3.7423452767454526,17.629781009825336
Female,Straight,Black/African American,Less than a high school diploma,Not covered,US Citizen,221.35943621178654,7,13.747105797728377,-5.7247157585182356
Male,Straight,Black/African American,High school graduate,Not covered,US Citizen,186.94116721578476,8,-0.46121117358662983,15.303138775773778
Female,Straight,Black/African American,High school graduate,Not covered,US Citizen,134.16407864998737,7,12.333675425848194,-1.9940841411628352
Male,Straight,Black/African American,High school graduate,Not covered,US Citizen,244.94897427831782,8,-0.8385581375881767,15.161731037994164
Male,Straight,Black/African American,Bachelor's degree,Not covered,US Citizen,316.22776601683796,5,1.5453595251469139,17.778771403047546
Female,Straight,Black/African American,Master's degree,Not covered,US Citizen,103.92304845413264,7,11.775389429371064,-4.391402718832531
Male,Straight,Black/African American,Less than a high school diploma,Not covered,US Citizen,200,3,1.707142757546671,20.270767460156385
Male,Straight,Black/African American,Bachelor's degree,Not covered,US Citizen,166.93711390820198,7,1.4977023985535562,17.795328494901675
Female,Straight,Black/African American,Bachelor's degree,Not covered,US Citizen,148.32396974191326,7,14.53100777433651,-3.804174786165664
Female,Straight,Black/African American,High school graduate,Not covered,US Citizen,173.20508075688772,7,11.326180747871165,-2.3499264392430432
Male,Straight,Black/African American,High school graduate,Not covered,US Citizen,109.54451150103323,8,-0.42610273796178466,16.0380589326489
Female,Straight,Black/African American,High school graduate,Not covered,US Citizen,138.5640646055102,7,11.935653054499344,-1.83174791887481
Female,Straight,Black/African American,Associate degree,Not covered,US Citizen,116.33572108342304,7,11.637584727964715,-6.669478049664156
Female,Straight,Black/African American,Associate degree,Not covered,US Citizen,200,7,11.782965893157462,-6.74548809556576
Female,Straight,Black/African American,Associate degree,Not covered,US Citizen,118.32159566199232,7,11.640807419173528,-6.668314587458593
Female,Straight,Black/African American,"Some college, no degree",Not covered,US Citizen,77.45966692414834,7,10.053940752847812,-4.772755152827985
Male,Straight,Black/African American,High school graduate,Not covered,US Citizen,200,8,-0.377890418086261,15.124496442708919
Male,Straight,Black/African American,"Some college, no degree",Not covered,US Citizen,223.60679774997897,4,3.7652313189338256,17.839378981283883
Female,Straight,Black/African American,High school graduate,Not covered,US Citizen,173.20508075688772,7,12.348159988470389,-2.1359086343574063
Male,Straight,Black/African American,High school graduate,Not covered,US Citizen,223.60679774997897,8,-0.97902856789735,15.46033965964566
Female,Straight,Black/African American,Associate degree,Not covered,US Citizen,141.4213562373095,7,11.668361650181426,-6.660475450227975
Male,Straight,Black/African American,"Some college, no degree",Not covered,US Citizen,114.2628548566856,4,3.6961193075015077,17.82260426539069
Female,Straight,Black/African American,GED or equivalent,Not covered,US Citizen,134.16407864998737,7,12.874807386726802,-4.397627734425522
Male,Straight,Black/African American,Less than a high school diploma,Not covered,US Citizen,126.49110640673517,3,1.686039439124543,20.28213179812963
Female,Straight,Black/African American,"Some college, no degree",Not covered,US Citizen,144.9137674618944,7,10.064310536639441,-4.775889603948342
Male,Straight,Black/African American,Less than a high school diploma,Not covered,US Citizen,114.0175425099138,3,1.6960649981013685,20.292654811142082
Male,Straight,Black/African American,High school graduate,Not covered,US Citizen,181.86533479473212,8,-0.6751851615410448,15.821416729232233
Male,Straight,Black/African American,High school graduate,Not covered,US Citizen,200,8,-0.9944002241746079,15.906952941564953
Male,Straight,Black/African American,GED or equivalent,Not covered,US Citizen,101.44949482377919,3,-0.12320951650462289,18.459140660602657
Male,Straight,Black/African American,Bachelor's degree,Not covered,US Citizen,219.82493034230671,4,1.5173747423089368,17.81030476281285
Female,Straight,Hispanic,Less than a high school diploma,Covered,US Citizen,316.22776601683796,6,-10.371247117238383,-15.226250896705002
Female,Straight,Hispanic,Bachelor's degree,Covered,US Citizen,316.22776601683796,2,-9.1639249846187,-17.55754876810824
Male,Straight,Hispanic,Never attended/kindergarten only,Covered,Non-US Citizen,151.65750888103102,10,13.93100893419872,19.44597131719046
Male,Straight,Hispanic,Associate degree,Covered,US Citizen,291.547594742265,5,-15.862369863521542,-8.048049689986554
Male,Straight,Hispanic,Bachelor's degree,Covered,US Citizen,374.16573867739413,5,-14.316367490557791,-6.689322573569345
Female,Straight,Hispanic,High school graduate,Covered,US Citizen,223.60679774997897,6,-8.587563755173814,-13.80893869100883
Female,Straight,Hispanic,High school graduate,Covered,US Citizen,300,6,-8.594294539195648,-13.926237799188801
Female,Straight,Hispanic,High school graduate,Covered,US Citizen,217.99770640995285,6,-8.588213209280605,-13.801350891065166
Female,Straight,Hispanic,Less than a high school diploma,Covered,US Citizen,107.35921013122255,6,-10.576965497277016,-15.073658659519333
Male,Straight,Hispanic,"Some college, no degree",Covered,US Citizen,331.66247903554,4,-12.835911370808786,-8.184370815665865
Male,Straight,Hispanic,High school graduate,Covered,US Citizen,387.2983346207417,6,-14.514505905399755,-9.688033350024671
Male,Straight,Hispanic,Bachelor's degree,Covered,US Citizen,447.21359549995793,5,-14.194916212820695,-6.730362355630564
Male,Straight,Hispanic,"Some college, no degree",Covered,US Citizen,469.041575982343,4,-12.907765900116686,-8.282603514497161
Male,Straight,Hispanic,Bachelor's degree,Covered,US Citizen,200,5,-14.407217539498838,-6.421657166448819
Male,Straight,Hispanic,"Some college, no degree",Covered,Non-US Citizen,237.69728648009425,4,13.896750950006965,19.512504462978416
Female,Straight,Hispanic,Bachelor's degree,Covered,Non-US Citizen,291.547594742265,2,23.072970817579055,9.671025206844893
Male,Straight,Hispanic,High school graduate,Covered,US Citizen,187.08286933869707,6,-14.77605642222172,-10.033701083345601
Female,Straight,Hispanic,Associate degree,Covered,US Citizen,222.9618801499485,6,-12.583377919825411,-17.326725646675175
Male,Straight,Hispanic,High school graduate,Covered,US Citizen,469.041575982343,6,-14.39360219057895,-9.65531613032538
Male,Straight,Hispanic,Less than a high school diploma,Covered,Non-US Citizen,316.22776601683796,10,14.825534351968452,18.830044334173195
Male,Straight,Hispanic,"Some college, no degree",Covered,US Citizen,132.28756555322954,4,-12.403077934795078,-8.134210479717124
Male,Straight,Hispanic,Bachelor's degree,Covered,Non-US Citizen,167.2423391369542,10,13.551405040215004,19.014420623626915
Male,Straight,Hispanic,High school graduate,Covered,Non-US Citizen,182.75666882497066,10,14.414085252266748,20.239276773529035
Female,Straight,Hispanic,Bachelor's degree,Covered,US Citizen,447.21359549995793,2,-8.9208775435266,-17.80728170625103
Male,Straight,Hispanic,Less than a high school diploma,Covered,US Citizen,109.54451150103323,3,-11.1565394956471,2.376652155824038
Female,Straight,Hispanic,Less than a high school diploma,Covered,US Citizen,178.88543819998318,6,-10.496542417851696,-15.093832223212422
Male,Straight,Hispanic,Bachelor's degree,Covered,US Citizen,282.842712474619,5,-14.433795940551619,-6.621485643635083
Female,Straight,Hispanic,Associate degree,Covered,US Citizen,331.66247903554,6,-12.593378418118668,-17.664877425617835
Female,Straight,Hispanic,"Some college, no degree",Covered,US Citizen,151.65750888103102,1,-12.302548117507685,-14.397337665263127
Female,Straight,Hispanic,Bachelor's degree,Covered,US Citizen,223.60679774997897,6,-9.389006031655764,-17.35905320944074
Male,Straight,Hispanic,Less than a high school diploma,Covered,Non-US Citizen,219.08902300206645,10,14.828038418361325,18.912552720464546
Female,Straight,Hispanic,High school graduate,Covered,US Citizen,253.28442510347926,6,-8.577726185951082,-13.836772749845895
Female,Straight,Hispanic,High school graduate,Covered,US Citizen,158.11388300841898,6,-8.61948375350701,-13.744731106346272
Female,Straight,Hispanic,Associate degree,Covered,US Citizen,412.31056256176606,6,-12.697330787659698,-17.83721454950035
Female,Straight,Hispanic,Master's degree,Covered,Non-US Citizen,387.2983346207417,6,23.156346877896677,8.305977889455066
Female,Bisexual,Hispanic,"Some college, no degree",Covered,US Citizen,319.37438845342626,6,-12.889895455499962,-13.826322520801387
Female,Straight,Hispanic,Associate degree,Covered,US Citizen,158.32245576670417,6,-12.679502231449844,-17.069150624166653
Male,Straight,Hispanic,High school graduate,Covered,Non-US Citizen,244.94897427831782,6,14.36895435035369,20.26795159784938
Male,Straight,Hispanic,Doctoral degree,Covered,US Citizen,424.26406871192853,5,-14.112601368060414,-8.392226353471631
Female,Straight,Hispanic,Bachelor's degree,Covered,US Citizen,370.1351104664349,2,-9.002177263990331,-17.613832540007444
Female,Straight,Hispanic,"Some college, no degree",Covered,US Citizen,447.21359549995793,6,-12.401741244092795,-14.232298892419971
Male,Straight,Hispanic,High school graduate,Covered,US Citizen,207.3644135332772,6,-14.762349049398628,-9.984821161635564
Female,Something else,Hispanic,Bachelor's degree,Covered,US Citizen,212.13203435596427,6,-10.259590051091694,-17.058222386089895
Female,Something else,Hispanic,Doctoral degree,Covered,US Citizen,44.721359549995796,6,-10.798003707218982,-16.619991348583362
Male,Straight,Hispanic,Bachelor's degree,Covered,US Citizen,300,5,-14.413554979528296,-6.659362478969664
Male,Straight,Hispanic,High school graduate,Covered,Non-US Citizen,219.61784991206886,6,14.407518045489732,20.245931453998192
Female,Straight,Hispanic,Bachelor's degree,Covered,US Citizen,309.83866769659335,2,-9.17377473444968,-17.534236932889453
Female,Straight,Hispanic,Associate degree,Covered,US Citizen,100,6,-12.878859181770274,-16.995089505569865
Female,Straight,Hispanic,High school graduate,Covered,US Citizen,187.08286933869707,6,-8.606043771559333,-13.773496294090531
Female,Straight,Hispanic,Master's degree,Covered,US Citizen,374.16573867739413,6,-6.961911834463741,-16.84678742613664
Male,Straight,Hispanic,Less than a high school diploma,Covered,Non-US Citizen,167.33200530681512,10,14.752275868732076,18.8736812801712
Female,Straight,Hispanic,Associate degree,Covered,US Citizen,134.16407864998737,6,-12.764813971292464,-17.00734323814484
Female,Straight,Hispanic,Master's degree,Covered,US Citizen,346.41016151377545,6,-6.999501906185537,-16.82136808779982
Female,Straight,Hispanic,High school graduate,Covered,US Citizen,200,6,-8.596580001226476,-13.780963793188564
Male,Straight,Hispanic,"Some college, no degree",Covered,US Citizen,273.8612787525831,4,-12.739491579522081,-8.150858529970641
Female,Straight,Hispanic,Bachelor's degree,Covered,US Citizen,187.08286933869707,6,-9.44126291237491,-17.291860413190676
Female,Straight,Hispanic,Bachelor's degree,Covered,Non-US Citizen,141.4213562373095,6,23.119084258506625,9.864427886581597
Male,Straight,Hispanic,Associate degree,Covered,US Citizen,254.95097567963924,5,-15.913020369627489,-8.048109399347073
Male,Straight,Hispanic,High school graduate,Covered,US Citizen,83.66600265340756,6,-14.853912111335525,-10.244904420508934
Female,Straight,Hispanic,Associate degree,Covered,US Citizen,138.92443989449805,6,-12.744370202067188,-17.007813052784133
Male,Straight,Hispanic,"Some college, no degree",Covered,US Citizen,316.22776601683796,4,-12.834105226650005,-8.17209754402205
Female,Straight,Hispanic,High school graduate,Covered,Non-US Citizen,244.94897427831782,6,13.88475687335733,21.463332440462057
Female,Straight,Hispanic,"Some college, no degree",Covered,US Citizen,151.90128373387765,1,-12.302529063417959,-14.397135003550705
Female,Straight,Hispanic,Associate degree,Covered,US Citizen,316.22776601683796,6,-12.556841833334222,-17.615035969428458
Female,Straight,Hispanic,Bachelor's degree,Covered,US Citizen,234.5207879911715,6,-9.3586178875332,-17.376384527745707
Female,Straight,Hispanic,Less than a high school diploma,Covered,US Citizen,41.44876355212541,6,-10.602058532425922,-15.085089285860981
Male,Straight,Hispanic,High school graduate,Covered,US Citizen,291.547594742265,6,-14.67835774378784,-9.736915175187818
Male,Straight,Hispanic,High school graduate,Covered,US Citizen,324.037034920393,6,-14.606588537923166,-9.720281946461334
Female,Straight,Hispanic,Master's degree,Covered,US Citizen,393.70039370059055,6,-6.9312009102247005,-16.859209523051256
Female,Straight,Hispanic,Associate degree,Covered,US Citizen,264.5751311064591,6,-12.52679956100209,-17.40792613916972
Male,Straight,Hispanic,Bachelor's degree,Covered,US Citizen,187.08286933869707,5,-14.408049268646614,-6.40010706725326
Female,Straight,Hispanic,"Some college, no degree",Covered,US Citizen,141.4213562373095,1,-12.302702242996263,-14.406491990112926
Male,Straight,Hispanic,Master's degree,Covered,US Citizen,313.43420362174896,5,-14.578580620307065,-8.026305121200773
Male,Straight,Hispanic,Less than a high school diploma,Covered,Non-US Citizen,255.42513580303722,10,14.824783852701536,18.89486475047179
Female,Straight,Hispanic,Bachelor's degree,Covered,US Citizen,264.5751311064591,2,-9.294630151432598,-17.447471537079117
Female,Straight,Hispanic,High school graduate,Not covered,US Citizen,234.5207879911715,6,6.70795251589832,-2.8140939513038012
Female,Straight,Hispanic,Bachelor's degree,Not covered,US Citizen,200,6,6.880332122551083,-0.674640525893818
Male,Straight,Hispanic,High school graduate,Not covered,US Citizen,223.60679774997897,8,-3.2821891523847917,17.711034693139045
Male,Straight,Hispanic,Bachelor's degree,Not covered,US Citizen,236.64319132398464,8,-2.5607072497897905,20.08105603471028
Female,Straight,Hispanic,Less than a high school diploma,Not covered,Non-US Citizen,165.83123951777,10,21.237986978173314,15.348399462004435
Male,Straight,Hispanic,Less than a high school diploma,Not covered,Non-US Citizen,167.33200530681512,10,17.471912655264916,17.793807544993648
Male,Straight,Hispanic,Less than a high school diploma,Not covered,US Citizen,173.20508075688772,10,-0.3213147203774812,21.804663490884312
Female,Straight,Hispanic,Bachelor's degree,Not covered,US Citizen,273.8612787525831,9,6.9193261649307365,-0.631125785077631
Female,Straight,Hispanic,High school graduate,Not covered,Non-US Citizen,224.72205054244233,6,20.95104260924608,13.164877729889735
Male,Straight,Hispanic,High school graduate,Not covered,Non-US Citizen,212.13203435596427,10,16.938757948783575,20.169907679404076
Female,Straight,Hispanic,High school graduate,Not covered,Non-US Citizen,141.4213562373095,10,21.03545734504133,13.454297043704118
Female,Straight,Hispanic,"Some college, no degree",Not covered,US Citizen,166.29191201017565,7,5.20185824636147,-1.4516877117713676
Female,Straight,Hispanic,Less than a high school diploma,Not covered,Non-US Citizen,138.5640646055102,10,21.76436504026267,15.358752848574177
Female,Straight,Hispanic,"Some college, no degree",Not covered,US Citizen,187.08286933869707,6,5.210022317133244,-1.4578886580052264
Male,Straight,Hispanic,Less than a high school diploma,Not covered,US Citizen,181.54889148656346,10,-0.25889562653582493,22.021232260472974
Female,Straight,Hispanic,GED or equivalent,Not covered,Non-US Citizen,146.9693845669907,10,22.46438813555932,14.329884254766608
Male,Straight,Hispanic,High school graduate,Not covered,US Citizen,141.4213562373095,8,-3.3014643518355333,17.72218563640327
Male,Straight,Hispanic,"Some college, no degree",Not covered,Non-US Citizen,200,10,18.018001990585947,19.48455322729216
Male,Straight,Hispanic,Less than a high school diploma,Not covered,US Citizen,173.20508075688772,10,-0.11504586115653333,22.227404259073488
Female,Straight,Hispanic,Less than a high school diploma,Not covered,Non-US Citizen,0,10,22.107797685070572,16.350406240451438
Male,Straight,Hispanic,GED or equivalent,Not covered,US Citizen,230.21728866442677,8,-1.662408363973122,19.814383941171016
Male,Straight,Hispanic,Less than a high school diploma,Not covered,US Citizen,273.8612787525831,10,-0.40559349182686194,22.010051525040755
Male,Straight,Hispanic,Less than a high school diploma,Not covered,Non-US Citizen,223.60679774997897,10,17.054345829488735,18.091579084056782
Male,Straight,Hispanic,Less than a high school diploma,Not covered,Non-US Citizen,213.44788591129216,10,17.18733318997617,18.123030338404124
Male,Straight,Hispanic,Master's degree,Not covered,Non-US Citizen,228.0350850198276,10,17.46295211769642,19.13906125049004
Female,Straight,Hispanic,Less than a high school diploma,Not covered,Non-US Citizen,118.32159566199232,10,21.29412556037916,15.954114197816498
Male,Straight,Hispanic,"Some college, no degree",Not covered,Non-US Citizen,80.7465169527454,10,18.141853084649878,19.650284499641703
Female,Straight,Hispanic,Never attended/kindergarten only,Not covered,US Citizen,187.08286933869707,6,5.436081185856707,-2.194315279318899
Female,Straight,Hispanic,Less than a high school diploma,Not covered,Non-US Citizen,181.6590212458495,10,21.262398396701766,15.809811749202307
Female,Straight,Hispanic,High school graduate,Not covered,US Citizen,234.5207879911715,6,6.417112920271596,-3.065292801487189
Female,Straight,Hispanic,High school graduate,Not covered,US Citizen,200,6,6.529216454569856,-2.9278020924290957
Male,Straight,Hispanic,Less than a high school diploma,Not covered,Non-US Citizen,244.94897427831782,10,16.908959385845606,17.987617078396006
Female,Straight,Hispanic,Associate degree,Not covered,US Citizen,187.08286933869707,7,3.8778233912049274,-2.422778023353165
Male,Straight,Hispanic,High school graduate,Not covered,Non-US Citizen,109.54451150103323,10,17.069912143673324,20.459262263534292
Female,Straight,Hispanic,High school graduate,Not covered,Non-US Citizen,374.16573867739413,9,20.860636406582962,12.95768368003835
Male,Straight,Hispanic,Less than a high school diploma,Not covered,US Citizen,142.828568570857,3,-0.3046270558406794,22.020153031183494
Female,Straight,Hispanic,Less than a high school diploma,Not covered,Non-US Citizen,141.4213562373095,10,21.643506469964407,15.320235394044879
Female,Straight,Hispanic,Bachelor's degree,Not covered,Non-US Citizen,300,9,22.712629841024135,12.48110147450195
Male,Straight,Hispanic,High school graduate,Not covered,US Citizen,118.32159566199232,8,-3.3143912340219384,17.714046196638378
Female,Straight,Hispanic,High school graduate,Not covered,US Citizen,59.16079783099616,6,6.850300400100646,-3.0289113066103677
Male,Straight,Hispanic,Less than a high school diploma,Not covered,Non-US Citizen,201.37527157027003,10,17.401962589912454,18.0470538324489
Female,Straight,Hispanic,High school graduate,Not covered,US Citizen,316.22776601683796,6,6.6295313250995695,-2.9651680756533794
Female,Straight,Hispanic,High school graduate,Not covered,US Citizen,173.20508075688772,6,6.548335560009162,-2.9447963336492533
Female,Straight,Hispanic,Less than a high school diploma,Not covered,Non-US Citizen,83.78544026261365,10,21.890315778424085,16.12914326370675
Female,Straight,Hispanic,Associate degree,Not covered,US Citizen,104.88088481701516,7,3.8185626207513375,-2.445905956843507
Male,Straight,Hispanic,Less than a high school diploma,Not covered,Non-US Citizen,180.8175876401408,10,17.263732737517127,17.72923132209615
Male,Straight,Hispanic,"Some college, no degree",Not covered,US Citizen,412.31056256176606,4,5.793885855017765,16.776560063452187
Female,Straight,Hispanic,Less than a high school diploma,Not covered,Non-US Citizen,149.56603892595405,10,21.6999098975221,15.312082905894135
Female,Straight,Hispanic,Master's degree,Not covered,Non-US Citizen,151.25144627407698,10,22.14764149144248,14.164274917541656
Female,Straight,Hispanic,Bachelor's degree,Not covered,Non-US Citizen,236.53118187672425,9,22.696077901095613,12.624582462904833
Female,Straight,Hispanic,Less than a high school diploma,Not covered,Non-US Citizen,112.26753760548951,10,22.077730744350585,15.593105869243486
Male,Straight,Hispanic,Bachelor's degree,Not covered,US Citizen,141.4213562373095,3,-2.570876361071715,20.09155943204746
Male,Straight,Hispanic,High school graduate,Not covered,Non-US Citizen,130.38404810405297,10,17.03422023716957,20.416473909550433
Female,Straight,Hispanic,Associate degree,Not covered,Non-US Citizen,130.38404810405297,7,22.806572997193634,14.52050772898145
Male,Straight,Hispanic,Less than a high school diploma,Not covered,US Citizen,162.61918705983007,3,-0.1922189717023341,22.03039812131619
Female,Straight,Hispanic,Bachelor's degree,Not covered,Non-US Citizen,216.79483388678798,9,22.68172065722784,12.686707904178729
Male,Straight,Hispanic,Less than a high school diploma,Not covered,Non-US Citizen,234.5207879911715,10,16.96226966302879,18.13196640918259
Female,Straight,Hispanic,Bachelor's degree,Not covered,Non-US Citizen,160.50856674956637,9,22.689483274093558,12.913744852444665
Male,Straight,Hispanic,High school graduate,Not covered,US Citizen,187.08286933869707,8,-3.284748034393659,17.70738556497793
Male,Straight,Hispanic,Bachelor's degree,Not covered,Non-US Citizen,212.13203435596427,10,18.36197532855284,18.866904777720347
Female,Straight,Hispanic,High school graduate,Not covered,US Citizen,248.99799195977465,6,6.5670978493423355,-2.9446481057657468
Female,Straight,Hispanic,Less than a high school diploma,Not covered,Non-US Citizen,316.22776601683796,10,21.149969380921625,16.273657840182
Female,Straight,Hispanic,High school graduate,Not covered,Non-US Citizen,144.9137674618944,10,21.039360797046484,13.445585754851122
Male,Straight,Hispanic,High school graduate,Not covered,Non-US Citizen,120.41594578792295,10,17.04569919773948,20.449658785165052
Female,Straight,Hispanic,Less than a high school diploma,Not covered,Non-US Citizen,118.32159566199232,10,22.298659971737827,15.577235215006192
Female,Straight,Hispanic,Less than a high school diploma,Not covered,Non-US Citizen,166.61632573070384,10,21.176301673366105,15.424844470842332
Male,Straight,Hispanic,Less than a high school diploma,Not covered,Non-US Citizen,83.66600265340756,10,17.71992130772442,17.63844848465518
Male,Straight,Hispanic,Less than a high school diploma,Not covered,Non-US Citizen,203.86760409638407,10,17.3789537764371,18.064005473655797
Female,Straight,Hispanic,Less than a high school diploma,Not covered,US Citizen,122.47448713915891,3,8.131807444737259,0.8685519899593598
Female,Straight,Hispanic,High school graduate,Not covered,Non-US Citizen,137.84048752090223,10,21.03615520527158,13.461816238483058
Male,Straight,Hispanic,High school graduate,Not covered,Non-US Citizen,223.60679774997897,10,16.91119769335415,20.163940985660428
Female,Straight,Hispanic,Less than a high school diploma,Not covered,Non-US Citizen,100,10,22.216442676125354,15.749371423013644
Male,Straight,Hispanic,High school graduate,Not covered,US Citizen,282.842712474619,8,-3.3079056620192286,17.690166757811525
Female,Gay/Lesbian,Hispanic,High school graduate,Not covered,US Citizen,158.11388300841898,6,6.476218343204615,-3.974668000293155
Female,Straight,Hispanic,Less than a high school diploma,Not covered,Non-US Citizen,89.44271909999159,10,21.791201075970548,16.139227087676897
Female,Straight,White,Bachelor's degree,Covered,US Citizen,300,2,-7.129305593960892,-21.07427518612697
Male,Straight,White,Bachelor's degree,Covered,US Citizen,244.94897427831782,5,-19.682042229459174,-7.044355367544457
Male,Straight,White,Bachelor's degree,Covered,US Citizen,469.041575982343,2,-19.340364088267346,-7.339040465767151
Female,Straight,White,High school graduate,Covered,US Citizen,94.86832980505137,6,-4.103521041909513,-13.56672929816589
Female,Straight,White,"Some college, no degree",Covered,US Citizen,275.7245001808871,2,-2.516574961791596,-16.925152846972786
Female,Straight,White,Bachelor's degree,Covered,US Citizen,223.60679774997897,2,-7.09984341811229,-20.56404879537014
Male,Straight,White,Associate degree,Covered,US Citizen,36.05551275463989,8,-21.87152587821606,-4.443139172010038
Male,Straight,White,High school graduate,Covered,US Citizen,300,8,-19.13036957901203,-3.004252355753117
Male,Straight,White,Master's degree,Covered,US Citizen,406.201920231798,2,-18.398934922478478,-5.690878569714924
Female,Straight,White,Master's degree,Covered,US Citizen,418.33001326703777,2,-5.099381517909531,-18.385061347398526
Female,Straight,White,Associate degree,Covered,US Citizen,263.3040068058213,2,-10.60462102270235,-21.357337196017617
Male,Straight,White,Associate degree,Covered,US Citizen,113.6089785184252,8,-21.714662410576842,-4.45511500412598
Female,Straight,White,High school graduate,Covered,US Citizen,130.38404810405297,6,-4.172586407974951,-13.64733810772648
Male,Gay/Lesbian,White,Bachelor's degree,Covered,US Citizen,212.13203435596427,5,-20.41792996423716,-8.271964821222172
Male,Straight,White,Bachelor's degree,Covered,US Citizen,234.5207879911715,5,-19.689303094941966,-7.0520746097171765
Female,Straight,White,Less than a high school diploma,Covered,US Citizen,244.94897427831782,2,-2.5759607499242922,-14.99103500141456
Female,Straight,White,Associate degree,Covered,US Citizen,384.7076812334269,2,-10.525835173210927,-21.455190054766728
Male,Straight,White,High school graduate,Covered,US Citizen,173.20508075688772,8,-19.673974506627726,-2.505772902605133
Female,Straight,White,Bachelor's degree,Covered,US Citizen,0,2,-7.7811811588202335,-20.411802530934544
Male,Straight,White,"Some college, no degree",Covered,US Citizen,316.22776601683796,4,-17.356149030942756,-4.510048493239989
Female,Straight,White,High school graduate,Covered,US Citizen,267.7368110663904,2,-4.426437532369223,-13.77090810186789
Male,Straight,White,Less than a high school diploma,Covered,US Citizen,316.22776601683796,2,-19.290231056071526,-4.709352665344175
Female,Straight,White,Master's degree,Covered,US Citizen,469.041575982343,2,-5.033765977942728,-18.44843842244194
Female,Gay/Lesbian,White,Bachelor's degree,Covered,US Citizen,308.2207001484488,2,-7.825223539633351,-22.200960645649154
Male,Straight,White,Less than a high school diploma,Covered,US Citizen,223.60679774997897,4,-19.30917668614246,-4.658005137778217
Male,Straight,White,High school graduate,Covered,US Citizen,189.73665961010275,8,-19.30817113535864,-2.4898162312322047
Male,Straight,White,Associate degree,Covered,US Citizen,273.8612787525831,5,-21.326243757470984,-4.89153182666705
Female,Straight,White,Bachelor's degree,Covered,US Citizen,334.66401061363024,2,-6.758043065378813,-20.95205442694001
Female,Straight,White,Master's degree,Covered,US Citizen,316.22776601683796,2,-5.122727234186023,-18.3079624932504
Female,Straight,White,Bachelor's degree,Covered,US Citizen,273.8612787525831,2,-6.994222127513984,-20.771481578306723
Female,Straight,White,Bachelor's degree,Covered,US Citizen,134.16407864998737,2,-7.486726469822401,-20.50806580175211
Male,Straight,White,High school graduate,Covered,US Citizen,331.66247903554,8,-19.02671037737329,-3.0060859886595166
Male,Straight,White,"Some college, no degree",Covered,US Citizen,154.91933384829667,4,-17.278726457354306,-4.424139621371351
Female,Straight,White,Bachelor's degree,Covered,US Citizen,325.5764119219941,2,-7.031590671595335,-21.18593227123533
Male,Gay/Lesbian,White,Bachelor's degree,Covered,US Citizen,316.22776601683796,2,-20.390017841635366,-8.277446613610627
Male,Straight,White,Associate degree,Covered,US Citizen,254.95097567963924,5,-21.30325047990082,-4.672271008718327
Male,Straight,White,Bachelor's degree,Covered,US Citizen,400,2,-19.44135488289753,-7.230951678255841
Female,Straight,White,Bachelor's degree,Covered,US Citizen,316.22776601683796,2,-6.670891764693736,-20.715990357986865
Male,Straight,White,High school graduate,Covered,US Citizen,264.5751311064591,8,-19.366246853604025,-2.931239637421626
Male,Straight,White,Associate degree,Covered,US Citizen,273.8612787525831,5,-21.326345817324416,-4.891503038710359
Female,Gay/Lesbian,White,High school graduate,Covered,US Citizen,216.79483388678798,6,-4.972659444528019,-12.96981024020386
Male,Straight,White,Associate degree,Covered,US Citizen,273.8612787525831,5,-21.23819998028731,-4.3596140049953265
Female,Straight,White,Master's degree,Covered,US Citizen,387.2983346207417,2,-5.145396494503461,-18.34261275475518
Male,Straight,White,High school graduate,Covered,US Citizen,223.60679774997897,8,-19.404548260275412,-2.6843862666396596
Female,Straight,White,Associate degree,Covered,US Citizen,308.2207001484488,2,-10.567047322470033,-21.396668181287243
Female,Straight,White,High school graduate,Covered,US Citizen,107.79610382569493,6,-4.124693775576591,-13.598365051142755
Female,Straight,White,Associate degree,Covered,US Citizen,109.54451150103323,2,-10.774480997265423,-21.262002215382562
Female,Straight,White,High school graduate,Covered,US Citizen,173.20508075688772,6,-4.287024942746317,-13.774126911968697
Female,Straight,White,Bachelor's degree,Covered,US Citizen,387.5499967746097,2,-6.639663400537662,-21.173105655457082
Male,Straight,White,Associate degree,Covered,US Citizen,258.8435821108957,5,-21.289462336502904,-4.6780280779155525
Female,Straight,White,High school graduate,Covered,US Citizen,0,6,-3.986898094794905,-13.391125733745758
Female,Straight,White,Master's degree,Covered,US Citizen,350.71355833500365,2,-5.14870352507452,-18.315850471706884
Female,Straight,White,Bachelor's degree,Covered,US Citizen,316.22776601683796,2,-7.213132923690554,-21.27843165293669
Male,Straight,White,High school graduate,Covered,US Citizen,173.20508075688772,8,-18.927637104289595,-2.519617578631269
Female,Straight,White,"Some college, no degree",Covered,US Citizen,254.95097567963924,2,-2.50953091131409,-16.87825569788527
Female,Straight,White,Bachelor's degree,Covered,US Citizen,469.041575982343,2,-6.50421856998418,-21.423788023900304
Male,Straight,White,High school graduate,Covered,US Citizen,144.9137674618944,8,-19.353207955273273,-2.3171386504593166
Male,Straight,White,Bachelor's degree,Covered,US Citizen,291.547594742265,5,-19.618424600465826,-7.0753294867275285
Female,Straight,White,Associate degree,Covered,US Citizen,191.98437436416538,2,-10.649665779727515,-21.305007134025473
Female,Straight,White,Bachelor's degree,Covered,US Citizen,464.04848884572397,2,-6.509523321575256,-21.4078111143415
Male,Straight,White,GED or equivalent,Covered,US Citizen,260.76809620810593,5,-20.096307715496003,-5.128706114198277
Male,Straight,White,Bachelor's degree,Covered,US Citizen,273.8612787525831,5,-19.64977748892937,-7.043922489095538
Female,Straight,White,High school graduate,Covered,US Citizen,141.4213562373095,6,-4.20407592478957,-13.682540288256208
Female,Straight,White,"Some college, no degree",Covered,US Citizen,227.73669006113178,1,-2.5175805225582266,-16.837508276020607
Male,Straight,White,High school graduate,Covered,US Citizen,200,8,-19.273978612088623,-2.5041264723336836
Female,Straight,White,"Some college, no degree",Covered,US Citizen,264.5751311064591,2,-2.514332744612224,-16.898372078068572
Female,Straight,White,"Some college, no degree",Covered,US Citizen,181.6590212458495,1,-2.595294803897993,-16.762676372937392
Male,Straight,White,Master's degree,Covered,US Citizen,282.842712474619,5,-18.510170246559834,-5.543504346559519
Female,Straight,White,Less than a high school diploma,Covered,US Citizen,114.0175425099138,2,-2.5677505021465326,-14.859180977880255
Male,Straight,White,High school graduate,Covered,US Citizen,265.2131218473173,8,-19.367651191979938,-2.9307667024038238
Female,Straight,White,"Some college, no degree",Covered,US Citizen,360.5551275463989,2,-2.616247375605574,-17.081502857143757
Female,Straight,White,Doctoral degree,Covered,US Citizen,170.29386365926402,2,-4.088345132487653,-15.466384020072175
Female,Straight,White,Associate degree,Covered,US Citizen,300,2,-10.574117484105432,-21.391830060033602
Female,Straight,White,Bachelor's degree,Covered,US Citizen,158.11388300841898,2,-7.392093929120877,-20.49440014897012
Female,Straight,White,GED or equivalent,Covered,US Citizen,187.08286933869707,2,-4.170792628491164,-15.904204377662692
Female,Straight,White,"Some college, no degree",Not covered,US Citizen,264.5751311064591,2,4.026635022932466,0.8216011301624587
Male,Straight,White,Less than a high school diploma,Not covered,US Citizen,154.91933384829667,3,-3.111873035539302,23.484190026765027
Male,Straight,White,GED or equivalent,Not covered,US Citizen,187.08286933869707,8,-7.008475821777111,22.59471558395505
Male,Straight,White,High school graduate,Not covered,US Citizen,144.9137674618944,8,-7.403485093645473,25.31837964816101
Male,Straight,White,Less than a high school diploma,Not covered,US Citizen,100,3,-3.1144478126771675,23.549853052500595
Female,Straight,White,"Some college, no degree",Not covered,US Citizen,114.0175425099138,1,3.954224414654065,0.848482470072205
Male,Straight,White,High school graduate,Not covered,US Citizen,135,8,-7.528165710177731,25.05842078711127
Female,Straight,White,Bachelor's degree,Not covered,US Citizen,248.04838237730962,2,5.940794822244434,2.013184467271501
Female,Straight,White,High school graduate,Not covered,US Citizen,77.45966692414834,8,3.8521265684114483,3.9453901866496603
Female,Straight,White,High school graduate,Not covered,US Citizen,176.36042640002887,8,3.824642761130434,3.722978424275985
Male,Straight,White,Doctoral degree,Not covered,US Citizen,234.5207879911715,8,-5.5485392479803775,23.35205653592225
Male,Straight,White,High school graduate,Not covered,US Citizen,396.23225512317896,8,-6.384002891621593,25.98801568216974
Male,Straight,White,Less than a high school diploma,Not covered,US Citizen,92.19544457292888,3,-3.112889112669166,23.561596361187732
Female,Straight,White,Associate degree,Not covered,US Citizen,144.22205101855957,7,1.671219088315461,0.4812663394896767
Female,Straight,White,Never attended/kindergarten only,Not covered,US Citizen,194.93588689617928,8,3.3458336133767936,1.976753772457005
Male,Straight,White,"Some college, no degree",Not covered,US Citizen,109.54451150103323,8,-8.204280333957628,20.792440587994278
Male,Straight,White,High school graduate,Not covered,US Citizen,234.5207879911715,8,-6.536383095618505,24.86600645168192
Male,Straight,White,"Some college, no degree",Not covered,US Citizen,200,8,-8.038412796237111,20.85629375075469
Male,Straight,White,"Some college, no degree",Not covered,US Citizen,77.45966692414834,8,-8.291259501824944,20.740188577852813
Male,Straight,White,Bachelor's degree,Not covered,US Citizen,234.5207879911715,8,-5.2426037841933715,21.315558721622445
Female,Straight,White,High school graduate,Not covered,US Citizen,234.5207879911715,8,3.916362070461619,3.6523859122125852
Male,Straight,White,Associate degree,Not covered,US Citizen,173.20508075688772,8,-9.164023607156427,22.619555504036235
Male,Straight,White,Bachelor's degree,Not covered,US Citizen,223.60679774997897,8,-5.283278064771881,21.292949103917664
Male,Straight,White,Less than a high school diploma,Not covered,US Citizen,200,8,-3.1896383477351398,23.47885754711454
Female,Straight,White,Less than a high school diploma,Not covered,US Citizen,212.13203435596427,8,2.423868726289283,2.386121696870862
Female,Straight,White,Associate degree,Not covered,US Citizen,151.65750888103102,7,1.696764230789522,0.5000503538945715
Male,Straight,White,"Some college, no degree",Not covered,US Citizen,158.11388300841898,8,-8.102247465982567,20.847643341104245
Female,Straight,White,Less than a high school diploma,Not covered,US Citizen,173.20508075688772,7,2.4012759804749932,2.4140034143512135
Male,Straight,White,"Some college, no degree",Not covered,US Citizen,167.33200530681512,8,-8.095625815570804,20.850537269293714
Female,Straight,White,Associate degree,Not covered,US Citizen,221.35943621178654,7,1.8904476464949413,0.4300837930961601
Male,Straight,White,GED or equivalent,Not covered,US Citizen,154.91933384829667,8,-7.036394427341336,22.594713521170362
Male,Straight,White,Associate degree,Not covered,US Citizen,198.67309832989469,8,-9.165833388476951,22.623835148101143
Male,Straight,White,High school graduate,Not covered,US Citizen,164.31676725154983,8,-7.349502963625632,25.661189943437044
Female,Straight,White,Associate degree,Not covered,US Citizen,316.22776601683796,7,1.724200536390375,0.12372804224271954
Male,Straight,White,Bachelor's degree,Not covered,US Citizen,164.31676725154983,8,-5.472711512027074,21.204623073967966
Female,Straight,White,High school graduate,Not covered,US Citizen,109.54451150103323,8,3.9359089546117643,3.873498468095283
Male,Straight,White,Less than a high school diploma,Not covered,US Citizen,194.93588689617928,8,-3.178591836649646,23.478033813783448
Male,Straight,White,High school graduate,Not covered,US Citizen,122.47448713915891,8,-7.608368288373769,25.155905258727174
Male,Straight,White,"Some college, no degree",Not covered,US Citizen,254.95097567963924,8,-7.981911062682802,20.719526025678213
Female,Straight,White,High school graduate,Not covered,US Citizen,148.32396974191326,8,3.8385535137217563,3.796592038359816
Male,Straight,White,High school graduate,Not covered,US Citizen,83.66600265340756,8,-7.813082390800866,25.32780633881949
Female,Straight,White,"Some college, no degree",Not covered,US Citizen,295.296461204668,2,4.050679637166175,0.7927154653924811
Female,Straight,White,Associate degree,Not covered,US Citizen,200,7,1.8581892582849138,0.49461068914222506
Female,Straight,White,High school graduate,Not covered,Non-US Citizen,258.8435821108957,9,20.51156355299921,10.874288145734868
Male,Straight,White,Bachelor's degree,Not covered,US Citizen,254.95097567963924,8,-5.203222633919417,21.161071126902943
Male,Straight,White,High school graduate,Not covered,US Citizen,154.91933384829667,8,-7.2907472897853305,24.866976065766398
Female,Straight,White,Associate degree,Not covered,US Citizen,158.11388300841898,7,1.7163718329020679,0.5138902993991691
Male,Straight,White,High school graduate,Not covered,US Citizen,300,8,-6.475457995119849,25.556950717131055
Female,Straight,White,High school graduate,Not covered,US Citizen,130.38404810405297,8,3.8729812275884505,3.8415060388480984
Female,Straight,White,"Some college, no degree",Not covered,US Citizen,300,2,4.053984967632245,0.7888202505803741
Female,Straight,White,"Some college, no degree",Not covered,US Citizen,223.60679774997897,8,3.989990255868194,0.8528887204153885
Female,Straight,White,Bachelor's degree,Not covered,US Citizen,244.94897427831782,2,5.936527140033421,2.01748434674805
Male,Straight,White,Bachelor's degree,Not covered,US Citizen,207.3644135332772,8,-5.353768054767323,21.279717585034845
Male,Straight,White,Bachelor's degree,Not covered,US Citizen,118.32159566199232,8,-5.529829964705392,21.181125132289967
Female,Straight,White,Bachelor's degree,Not covered,US Citizen,223.60679774997897,2,5.9007058171223905,2.040008960248927
Male,Straight,White,High school graduate,Not covered,US Citizen,397.4921382870358,8,-6.379316634008918,25.98446763115415
Male,Straight,White,High school graduate,Not covered,US Citizen,0,8,-8.092586106717466,25.272378819269807
Male,Straight,White,High school graduate,Not covered,US Citizen,223.60679774997897,8,-6.716563500524714,25.146579097645034
Male,Bisexual,White,High school graduate,Not covered,US Citizen,141.4213562373095,8,-8.44991986628073,26.269321833621962
Male,Straight,White,GED or equivalent,Not covered,US Citizen,187.08286933869707,8,-7.008481436583321,22.59477066038442
Female,Straight,White,High school graduate,Not covered,US Citizen,173.20508075688772,8,3.8219664543973804,3.728961792380751
Female,Straight,White,Bachelor's degree,Not covered,US Citizen,223.60679774997897,2,5.90078056375049,2.0399738964292804
Female,Straight,White,Associate degree,Not covered,US Citizen,167.33200530681512,7,1.7563257450327527,0.5323932714033478
Male,Straight,White,High school graduate,Not covered,US Citizen,200,8,-6.870530184236433,24.7603922616198
Female,Straight,White,Bachelor's degree,Not covered,US Citizen,100,2,5.817744507665486,2.225890332907174
Male,Straight,White,High school graduate,Not covered,US Citizen,234.5207879911715,8,-6.948019149616803,25.622124381303447
Male,Straight,White,Bachelor's degree,Not covered,US Citizen,181.6590212458495,8,-5.424413641550654,21.23825797956364
Male,Straight,White,GED or equivalent,Not covered,US Citizen,112.88046775239727,8,-7.045328897327044,22.59960026470386
Female,Straight,White,Bachelor's degree,Not covered,US Citizen,308.2207001484488,2,6.003276198267834,1.945325874542413
Male,Straight,White,High school graduate,Not covered,US Citizen,200,8,-7.07987421328104,25.604629302902858
Male,Straight,White,Bachelor's degree,Not covered,US Citizen,343.51128074635335,8,-5.069877121497952,20.962373570853714
Male,Straight,White,High school graduate,Not covered,US Citizen,164.31676725154983,8,-7.310721656373696,24.68097142289882
Male,Straight,White,High school graduate,Not covered,US Citizen,194.93588689617928,8,-6.918119268385613,24.967133665339304
Male,Straight,White,"Some college, no degree",Not covered,US Citizen,173.20508075688772,8,-8.083288388701638,20.861282430439537
Male,Straight,White,Less than a high school diploma,Not covered,US Citizen,200,8,-3.1909248896418605,23.48082465999605
